lemma,frequency,hdbscan_cluster,leiden_cluster
ἀλλά,1426,19,0
πᾶς,1080,19,0
ἀνήρ,1038,19,0
ναῦς,995,20,0
πολύς,869,19,0
φημί,810,-1,0
ἄλλος,786,19,0
ἔρχομαι,770,-1,0
θεός,767,19,0
θυμός,755,-1,0
ἔχω,750,-1,0
νῦν,742,19,0
μέγας,728,-1,0
Ἀχαιός,714,20,0
Ὀδυσσεύς,712,20,0
Ζεύς,696,19,0
φίλος,676,-1,0
χείρ,635,-1,0
Τρώς,633,20,1
υἱός,613,-1,2
εἶπον,560,-1,0
εἶμι,530,19,0
μάλα,530,19,0
ἔνθα,501,-1,0
ἔπειτα,496,-1,0
δίδωμι,483,0,0
βάλλω,469,-1,3
ἵππος,459,18,4
ἵστημι,454,-1,0
ἔπος,443,25,5
Ἕκτωρ,442,20,1
εἶδον,439,-1,0
κακός,437,-1,0
ἑταῖρος,434,-1,0
αἱρέω,415,-1,0
βαίνω,405,19,0
δῖος,398,20,0
Ἀχιλλεύς,382,20,1
τίθημι,376,0,0
φέρω,372,-1,0
πατήρ,360,19,0
φρήν,340,-1,0
ἔτι,320,19,0
γίγνομαι,317,-1,0
Ἀθήνη,310,-1,6
καλός,309,-1,7
ἄγω,308,-1,0
οἶδα,303,-1,8
μῦθος,300,-1,9
μέγαρον,299,-1,0
παῖς,296,-1,10
λαός,294,-1,0
γαῖα,294,-1,0
ἐθέλω,293,19,0
ἱκνέομαι,290,-1,0
πούς,287,-1,11
τότε,281,-1,0
πόλεμος,279,20,1
δόρυ,272,35,3
δῶμα,271,-1,0
ὅσος,266,-1,0
γυνή,262,-1,0
ἅμα,256,-1,0
Τηλέμαχος,244,-1,0
μάχομαι,241,20,1
ἔγχος,240,35,3
ὄρνυμι,239,-1,12
πρῶτος,237,-1,0
ἀεί,237,-1,0
πρόσφημι,235,31,5
ἔργον,233,-1,0
ἄναξ,232,-1,0
μνηστήρ,232,-1,0
ἕκαστος,228,-1,0
ποτέ,227,-1,0
πόλις,225,-1,13
ἄριστος,223,-1,0
Ἀργεῖος,218,20,0
γέρων,217,-1,0
Ἀτρείδης,209,5,0
εὖ,209,-1,0
μήτηρ,207,19,10
ξένος,207,-1,0
πείθω,204,-1,11
θεά,199,-1,6
Αἴας,198,-1,2
χαλκός,197,-1,3
ἀθάνατος,197,-1,14
κεῖμαι,195,-1,0
ἕπομαι,195,-1,0
ἄγε,193,-1,9
τεῦχος,192,-1,4
στῆθος,190,-1,3
αὐτίκα,190,-1,0
Μενέλαος,190,5,2
ἄνθρωπος,190,-1,0
κελεύω,190,-1,0
προσεῖπον,189,25,5
ἦμαρ,188,-1,0
Ἀγαμέμνων,184,5,0
μένος,183,-1,15
ἵημι,182,-1,16
μένω,182,-1,17
ἀκούω,182,-1,0
μέλας,180,-1,18
προσαυδάω,179,25,5
πίπτω,177,-1,19
ἀλλήλων,176,-1,10
τεύχω,170,-1,0
βοῦς,170,-1,20
ἐλαύνω,170,-1,21
οἷος,169,-1,0
ἀμείβω,168,-1,5
πῦρ,166,21,22
ὄλλυμι,166,-1,23
ἀγορεύω,165,-1,9
λείπω,165,-1,0
κρατερός,164,-1,2
φωνέω,163,-1,5
Ἄρης,163,-1,1
φεύγω,162,-1,23
εὐρύς,161,-1,0
πού,161,-1,0
ἐάω,158,-1,0
Ἀπόλλων,157,15,24
φαίνω,157,-1,25
ἐρύω,155,-1,22
κτείνω,155,-1,26
θοός,154,-1,0
δύο,154,-1,20
Δαναοί,154,20,1
εὔχομαι,154,-1,11
ὦμος,154,-1,3
ἐσθλός,154,-1,0
οἶος,154,-1,0
οἶκος,153,-1,0
χέω,152,-1,19
Πρίαμος,150,-1,13
ἤδη,150,-1,0
δαμάζω,149,-1,0
αἶψα,145,-1,0
Πάτροκλος,145,-1,1
μέσος,145,-1,3
ἄνωγα,144,-1,0
δόμος,144,-1,27
λύω,142,-1,28
θνήσκω,138,-1,26
νοέω,138,-1,8
θάνατος,137,-1,23
κεφαλή,137,-1,7
ταχύς,136,-1,11
τελέω,135,-1,29
ὧδε,135,-1,8
ὀτρύνω,135,-1,11
νύξ,134,-1,30
ἔοικα,134,-1,14
μάχη,134,-1,1
πόντος,133,1,18
λαμβάνω,131,-1,5
ἄστυ,131,-1,13
ἧμαι,130,-1,31
πτερόεις,130,25,5
οἶνος,129,-1,32
πατρίς,129,-1,26
αὖθις,128,-1,17
τίκτω,127,-1,10
Ἥρα,127,19,6
οἴομαι,127,-1,0
τῷ,127,-1,33
δῶρον,126,-1,0
μακρός,126,-1,31
ἄρχω,126,-1,34
χρύσεος,125,-1,7
ἀπαμείβομαι,125,31,5
γιγνώσκω,125,-1,0
τόσος,124,-1,20
πω,124,-1,35
ἀγαθός,124,5,2
ἠέλιος,124,-1,35
πρότερος,124,-1,0
ἅλς,123,-1,18
ἐνθάδε,123,-1,0
δύω2,123,-1,35
γόνυ,122,-1,28
ὠκύς,120,-1,11
κλισία,119,-1,36
ὀξύς,119,-1,3
θάλασσα,118,-1,18
ὀφθαλμός,118,-1,37
πάσχω,118,-1,15
δύναμαι,117,-1,38
ἱκάνω,117,-1,39
κύων,116,-1,20
Ἴλιος,116,10,13
ἀμύμων,116,-1,2
βροτός,116,-1,14
αἷμα,116,-1,27
δῆμος,116,-1,40
ἀμφότερος,116,-1,0
μέμαα,115,-1,1
ἥρως,114,-1,0
Νέστωρ,114,-1,2
ἅπας,114,-1,0
πεδίον,114,-1,4
τεῖχος,114,-1,41
ἠώς,113,23,35
ποταμός,113,-1,30
καλέω,112,-1,0
τόξον,111,-1,42
κόρη,111,-1,14
ἄψ,110,-1,17
φράζω,110,-1,43
μιμνήσκω,110,-1,15
χρώς,110,-1,44
ἀχεύω,109,-1,33
ἄλοχος,109,-1,10
πέλω,109,-1,29
θυγάτηρ,108,-1,10
κῦμα,108,-1,12
κίω,107,-1,6
μοῖρα,107,-1,22
νέος,106,-1,45
δείδω,105,-1,15
ὁράω,105,-1,0
ἤτοι,105,-1,0
χαίρω,105,-1,40
ἄνεμος,105,-1,12
βασιλεύς,104,-1,34
κλύω,103,-1,29
βία,103,-1,46
αἰνός,103,-1,15
ὕπνος,103,-1,16
δάκρυον,102,-1,37
νόος,102,-1,8
πάρος,102,-1,12
ὕδωρ,102,-1,31
ὅθι,102,-1,34
ἴσος,101,-1,45
ἐρῶ,100,-1,9
ῥέζω,100,-1,38
αὐδάω,98,-1,2
τέρπω,98,-1,47
Ὄλυμπος,97,-1,14
κέλομαι,97,-1,48
οὕτως,97,-1,0
δεινός,96,-1,21
τοῖος,96,-1,9
ἀσπίς,96,-1,7
ἕζομαι,95,-1,43
ἀμύνω,95,-1,1
φρονέω,95,-1,5
παύω,95,-1,47
ἦτορ,94,-1,23
ὄρος,93,-1,12
πέμπω,93,-1,26
αὐτοῦ,93,-1,49
φώς,93,-1,33
ἄλγος,92,-1,15
βουλή,92,-1,13
ἕνεκα,92,-1,24
τάχα,91,-1,21
οὐρανός,91,-1,30
λανθάνω,91,-1,39
οἴχομαι,90,-1,33
γλαυκῶπις,90,-1,6
κῆρυξ,90,-1,32
πυκνός,90,-1,27
παρίστημι,90,-1,50
ὅμιλος,90,-1,42
νέομαι,89,-1,49
βέλος,89,-1,42
πρόσθεν,89,-1,30
πίνω,89,-1,32
δίφρος,89,-1,4
μέλλω,88,-1,23
ἠμί,87,-1,7
καλύπτω,86,-1,19
μάλιστα,85,-1,0
ἀντίος,84,27,2
γλαφυρός,84,-1,4
πολύμητις,83,-1,5
θέω,83,-1,5
φαεινός,83,-1,7
Πηνελόπεια,83,8,14
ἀνίστημι,82,-1,5
φιλέω,82,-1,6
τλάω,82,-1,0
κλαίω,82,-1,47
κάρα,82,-1,4
πως,81,-1,21
μίγνυμι,81,-1,37
Διομήδης,81,36,2
ὄλεθρος,81,-1,23
πέπνυμαι,81,-1,2
ψυχή,80,-1,27
κῆρ,80,-1,15
εἷς,80,-1,41
εὑρίσκω,80,-1,36
εὐνή,80,-1,35
εἷμα,80,-1,44
Ποσειδεών,79,-1,11
σάκος,79,-1,3
δέχομαι,78,-1,39
νέκυς,78,-1,27
χθών,78,-1,19
ἱερός,78,-1,34
κῦδος,78,-1,1
ποιέω,78,-1,41
Ἰθάκη,78,41,40
Αἰνείας,78,-1,2
Ἰδομενεύς,77,-1,2
ὁδός2,77,-1,41
κήρ,77,-1,23
τέκνον,77,-1,9
ἆρα,77,-1,27
μεγάθυμος,76,-1,2
ναίω,76,-1,34
ὦκα,76,-1,26
οὐκέτι,75,-1,8
λίσσομαι,74,-1,33
οἴκαδε,74,-1,13
δεῦρο,74,-1,0
πειράω,74,-1,42
κλυτός,74,-1,51
Φαίαξ,74,-1,51
χολόω,73,-1,43
καίω,73,-1,22
Κρονίων,73,-1,29
νῆσος,73,-1,40
χρυσός,73,-1,28
ὗς,73,-1,20
ἀγλαός,72,-1,2
Τροία,72,-1,26
ἀμφίπολος,72,-1,52
εἰσοράω,72,-1,14
ἀγορά,71,-1,5
θεῖος,71,-1,47
νήπιος,71,-1,48
θύρα,71,-1,41
ἀραρίσκω,70,-1,41
χιτών,70,-1,52
σχεδόν,70,-1,14
πόσις,70,14,16
φαίδιμος,70,-1,2
συβώτης,70,-1,20
Ἀλκίνοος,70,-1,51
κρείων,69,5,0
τρέφω,69,-1,10
πυνθάνομαι,69,-1,43
ἵζω,69,-1,52
θεράπων,69,-1,2
μῆλον,69,32,20
ἀλκή,69,-1,15
σῖτος,69,-1,32
πόρω,68,-1,49
ποιμήν,68,-1,1
πότνια,68,19,6
Πηλεύς,68,-1,34
ἅρμα,68,-1,4
καταλέγω,68,30,9
ἀείρω,67,-1,4
νόστος,67,-1,18
βοή,67,5,2
χάλκεος,67,-1,7
θάλαμος,67,-1,41
ἀνάσσω,66,-1,34
ἀπόλλυμι,66,-1,33
θείνω,66,-1,26
κονία,66,-1,19
ἕτερος,66,-1,36
μεγαλήτωρ,66,-1,10
οὕνεκα,65,-1,24
μετεῖπον,65,25,5
ἕλκω,65,-1,3
ξίφος,65,-1,3
ἀνέχω,65,-1,15
μᾶλλον,65,-1,15
νεκρός,65,-1,22
τόφρα,64,-1,37
κλέος,64,-1,33
ἔδω,64,-1,32
στρατός,63,-1,35
προίημι,63,-1,11
τρέπω,63,-1,17
μέλω,63,-1,43
κατακτείνω,63,-1,26
πύλη,63,-1,41
ἕννυμι,63,-1,7
ἔλπω,63,-1,8
ἀγείρω,62,-1,16
ὄπισθεν,62,-1,38
Τυδείδης,62,-1,2
κιχάνω,61,-1,39
ἄμφω,61,-1,28
ἀντίθεος,61,-1,2
ἀίσσω,61,-1,3
λυγρός,61,-1,15
ὄχος,61,-1,19
κτῆμα,61,-1,38
δαίς,61,-1,45
Ἀντίλοχος,61,-1,2
ἄγχι,61,-1,19
μυθέομαι,60,-1,43
ἄχος,60,-1,38
δαίμων,60,-1,25
λευκός,60,-1,48
Ἥφαιστος,60,-1,29
ἀργαλέος,60,-1,53
εὕδω,60,-1,52
πέτρα,60,-1,12
ζωός,60,-1,23
πολεμίζω,59,-1,1
Ἑλένη,59,-1,6
ἐρύκω,59,-1,4
ἐπέρχομαι,58,3,39
δαίφρων,58,4,2
χλαῖνα,58,-1,52
ὑψηλός,58,-1,41
ἐπιβαίνω,58,-1,54
κοῖλος,57,-1,41
χόλος,57,-1,38
σώζω,57,-1,16
ἀεικής,57,-1,51
πάλιν,57,-1,17
αὔτως,57,-1,38
τέκος,57,-1,38
δέω,57,-1,52
δαίνυμι,57,-1,45
αὖθι,57,-1,17
Μηριόνης,57,-1,2
δμωή,57,-1,44
καρδία,56,-1,33
μάρναμαι,56,-1,15
πόνος,56,-1,1
δέπας,56,45,32
τίω,56,-1,14
φιλότης,56,-1,47
ὀδύρομαι,56,-1,33
λέων,56,-1,20
περίφρων,56,8,14
Ἀντίνοος,56,-1,5
Πηλείδης,55,-1,1
ἐπιτέλλω,55,-1,16
ὄις,55,-1,20
ἔρις,54,-1,15
ὀιστός,54,-1,42
αἰγίοχος,54,-1,30
χρή,54,-1,9
ὀπίσω,54,-1,21
πάτηρ,54,-1,29
χαλεπός,54,-1,8
περικαλλής,54,-1,47
ἔνδον,54,-1,14
Παλλάς,53,-1,6
σῆμα,53,-1,9
αἰπύς,53,-1,23
ἔμπεδος,53,-1,17
Φοῖβος,52,-1,24
εἴσω,52,-1,27
τανύω,52,-1,42
γυῖον,52,15,28
ὀπάζω,52,-1,26
ἀφικνέομαι,52,-1,49
πάρειμι,51,-1,28
πόποι,51,-1,29
ὀνομάζω,51,-1,5
ἐγείρω,51,-1,16
πέτομαι,51,-1,19
τέμνω,51,-1,22
σεύω,51,-1,37
νοστέω,51,-1,29
γόος,51,-1,47
ἐποτρύνω,51,-1,9
αἴξ,50,-1,20
πῶς2,50,-1,15
εἴδομαι,50,-1,30
μίμνω,50,-1,39
κατατίθημι,50,-1,28
πίων,49,-1,22
τίνω,49,-1,38
ἀμείνων,49,-1,33
ἀντίον,49,27,2
ῥέω,49,-1,19
γενεά,49,-1,10
ἔρδω,49,-1,20
κῆδος,49,-1,15
ἄκρος,49,-1,41
ἱππόδαμος,49,-1,1
προπάροιθε,49,-1,20
τοιοῦτος,49,-1,10
ῥήγνυμι,49,-1,3
Ἄργος,48,-1,40
λέχος,48,-1,52
ὑσμίνη,48,-1,1
ὀρίνω,48,-1,25
ἐφέπω,48,-1,51
ἀγαυός,48,-1,2
ἄλκιμος,48,-1,3
ἱστός,47,23,35
κάμνω,47,-1,52
τρίς,47,-1,19
ἔρομαι,47,-1,33
θρόνος,47,-1,52
αὔω2,47,-1,45
ὕλη,47,-1,12
κασίγνητος,47,-1,2
οὐτάω,47,-1,3
ἀπάνευθε,46,-1,45
χώομαι,46,-1,33
ἡγέομαι,46,-1,34
νόσφι,46,-1,11
πλήσσω,46,-1,3
φόνος,46,-1,1
αἰδοῖος,46,-1,9
πῆμα,46,-1,48
κόρυς,46,42,7
ὀστέον,46,-1,3
οὐδός,46,-1,41
Κίρκη,46,-1,6
φορέω,45,-1,7
καρπάλιμος,45,-1,24
ἡδύς,45,-1,32
νέμω,45,-1,34
ἐγγύς,45,-1,30
ἔνθεν,45,-1,46
νέφος,45,-1,12
κρέας,45,-1,32
αὐλή,45,-1,41
ἴφθιμος,44,-1,27
ἀέκων,44,-1,53
ἀναβαίνω,44,-1,54
διογενής,44,-1,53
θνητός,44,-1,14
Κρονίδης,44,-1,29
νικάω,44,-1,43
εἶδος,44,28,14
ἄρουρα,44,-1,31
θεοειδής,44,-1,2
Λύκιοι,44,22,2
πύργος,44,-1,41
λούω,44,38,44
Ὀλύμπιος,43,-1,1
κήδω,43,-1,33
φέρτατος,43,-1,15
ὠθέω,43,-1,3
θωρήσσω,43,-1,4
καταδύω,43,-1,35
ἄλλοτε,43,-1,17
στυγερός,43,-1,43
εἴδω,43,-1,4
δάιος,43,-1,22
στίξ,43,-1,3
Ἀλέξανδρος,43,-1,6
αἴρω,43,-1,4
τείρω,43,-1,15
ᾍδης,43,7,27
αἰδέομαι,42,-1,43
δέμας,42,-1,14
γέρας,42,-1,13
Μυρμιδόνες,42,-1,34
ξανθός,42,-1,34
τίπτε,42,-1,53
γλυκύς,42,-1,47
ὀλοός,42,-1,1
νεικέω,42,-1,5
λίαν,42,-1,9
ἆθλος,42,-1,42
κλίνω,42,-1,41
δόλος,42,-1,9
ἀνάγκη,42,-1,40
ἐγγύθεν,42,-1,46
μερμηρίζω,41,-1,26
πολιός,41,-1,18
στενάχω,41,-1,47
Θέτις,41,-1,6
κρατήρ,41,-1,32
κοιμάω,41,-1,35
ἀμφίς,41,-1,44
ἡγήτωρ,41,-1,9
νεμεσάω,41,27,43
ἀγήνωρ,41,-1,50
Τυδεύς,41,-1,2
σθένος,41,-1,45
σταθμός,41,-1,41
ἄντα,41,-1,41
Ἀφροδίτη,41,-1,6
Σαρπηδών,41,-1,2
νύμφη,41,-1,6
σπέος,41,-1,6
ζώω,41,-1,14
ἀείδω,40,-1,47
ἐποίχομαι,40,-1,5
γηθέω,40,-1,5
προσφωνέω,40,25,5
δήν,40,-1,40
κάθημαι,40,-1,5
φάος,40,-1,35
φυλάσσω,40,-1,50
ἵκω,40,-1,30
Ἶρις,40,-1,11
ἡμίονος,40,18,4
πρόμαχος,40,-1,1
βίοτος,40,-1,33
αὐχήν,40,-1,3
τύπτω,40,-1,3
Ἐνοσίχθων,40,-1,11
Εὔμαιος,40,-1,37
λευκώλενος,39,19,6
ὀλίγος,39,-1,38
ἐπισεύω,39,-1,25
μεθίημι,39,-1,11
ἀποβαίνω,39,-1,54
ἅπτω,39,-1,37
ἐπείγω,39,-1,52
φόβος,39,-1,15
κορυθαίολος,39,-1,1
ἐμβάλλω,39,-1,52
νίκη,39,-1,1
φοβέω,39,-1,12
ἀργύρεος,38,-1,7
ὄμνυμι,38,-1,48
πλείων,38,-1,33
κέλευθος,38,-1,18
μάκαρ,38,-1,29
βαθύς,38,-1,20
ἔμπας,38,-1,29
ἐνέπω,38,-1,9
Λαερτιάδης,38,-1,53
νεῖκος,38,-1,15
τοκεύς,38,-1,47
ὁρμάω,38,-1,36
νηλής,38,-1,3
μενεαίνω,38,-1,26
ὀλοφύρομαι,38,-1,14
τάφρος,38,-1,41
ἀοιδός,38,-1,47
θίς,37,-1,18
ἀράομαι,37,-1,26
βούλομαι,37,-1,1
τιμή,37,-1,24
φθίω,37,-1,46
Πύλος,37,-1,34
δειλός,37,-1,9
ἀπαυράω,37,-1,4
εἴλω,37,-1,12
πάμπαν,37,-1,8
ἰάχω,37,-1,19
μῆτις,37,-1,16
μόνος,37,-1,33
δηρός,37,-1,39
ἱππότης,37,-1,16
ῥεῖα,37,-1,39
καθίζω,37,-1,52
ἀρετή,37,-1,8
σκῆπτρον,36,-1,24
ἑκατόμβη,36,-1,24
βαρύς,36,-1,47
πίμπλημι,36,-1,32
μηρός,36,-1,3
ἴσχω,36,-1,38
ἠύτε,36,-1,12
ἐύς,36,-1,2
πελάζω,36,-1,26
ἦμος,36,23,35
νεφεληγερέτα,36,-1,5
θεσπέσιος,36,-1,12
ἀνίημι,36,-1,11
Ἑρμῆς,36,-1,6
ἔξοχος,36,-1,2
σμερδαλέος,36,44,19
ναιετάω,36,-1,27
ἀγγελία,36,-1,11
ὑπερφίαλος,36,-1,38
ἀλέομαι,36,-1,21
ἐρείπω,36,-1,19
ἐξεναρίζω,36,-1,2
ἐλεέω,36,-1,48
τράπεζα,36,-1,32
ἰός,35,-1,42
ἐφίημι,35,-1,51
ἐάν,35,-1,18
ὅρκος,35,-1,48
ἕρκος,35,-1,48
κρίνω,35,-1,8
Γερήνιος,35,-1,16
πότμος,35,-1,51
θώραξ,35,-1,3
πήγνυμι,35,-1,3
Ἴδη,35,-1,20
γένος,35,-1,10
χάζω,35,-1,21
τυγχάνω,35,-1,3
φύω,35,-1,31
ὀρέγω,35,-1,36
ἀκοντίζω,35,-1,3
χαρίζομαι,35,-1,28
γάμος,35,-1,45
πολύτλας,35,-1,32
γῆρας,34,-1,26
γεραιός,34,-1,43
πρόφρων,34,-1,48
ἀπιθέω,34,-1,5
θέμις,34,-1,9
πένθος,34,-1,15
ἄγγελος,34,-1,11
ἄφαρ,34,-1,8
πάντῃ,34,-1,12
λιμήν,34,-1,18
δεύτερος,34,-1,3
ἀτρεκής,34,30,9
μήδομαι,34,-1,33
ἄσπετος,34,-1,12
ἡγεμονεύω,34,-1,2
φάλαγξ,34,-1,15
ἄρειος,34,-1,2
στιβαρός,34,-1,3
αὐτόθι,34,-1,46
οὐτάζω,34,-1,3
θύραζε,34,-1,52
τῇ,34,-1,3
σπένδω,34,-1,32
μογέω,33,-1,13
ἑτέρωθεν,33,-1,1
Ὠκεανός,33,-1,30
αἶθοψ,33,-1,32
βουλεύω,33,-1,13
μαλακός,33,-1,52
κομάω,33,-1,4
ἐρείδω,33,-1,3
ἐπίκουρος,33,-1,2
θαλερός,33,-1,37
Πριαμίδης,33,-1,1
χῶρος,33,-1,31
αἰχμή,33,-1,3
διώκω,33,-1,14
κλείς,33,-1,41
διοτρεφής,33,-1,8
δόρπον,33,-1,35
μυρίος,32,-1,20
οὔτι,32,-1,40
γείνομαι,32,-1,10
εἴκοσι,32,-1,20
τυτθός,32,-1,3
χαλκοχίτων,32,-1,1
κομίζω,32,-1,44
τέλος,32,-1,36
ὄρνις,32,-1,12
ἐυκτίμενος,32,-1,34
τρεῖς,32,-1,41
πεζός,32,-1,26
ἄγριος,32,-1,8
κερδίων,32,-1,8
δυσμενής,32,-1,40
ἔντεα,32,-1,41
κυδάλιμος,32,-1,2
ἐπιτίθημι,32,-1,28
ῥᾴδιος,32,-1,42
δεξιός,32,-1,12
διαμπερές,32,-1,14
Κύκλωψ,32,-1,9
ὕστερος,31,-1,36
ὄσσε,31,-1,19
δατέομαι,31,-1,22
πτολίεθρον,31,-1,34
δεσμός,31,-1,16
κράτος,31,-1,24
νημερτής,31,-1,9
κράς,31,-1,7
σχέτλιος,31,-1,33
νῶτον,31,-1,3
εἰσέρχομαι,31,3,39
σίδηρος,31,17,42
ῥύομαι,31,-1,50
ἆθλον,31,-1,4
ἐυκνήμις,30,-1,12
ἀριστεύς,30,17,50
ὀφέλλω,30,-1,53
ὅρκιον,30,-1,14
ἐπαίσσω,30,-1,3
ἐκτελέω,30,-1,13
δεῖπνον,30,-1,44
παντοῖος,30,-1,31
ἱερεύω,30,-1,20
πονέω,30,-1,32
ἀλεγεινός,30,-1,15
δηιοτής,30,-1,8
ποικίλος,30,-1,4
χάλκειος,30,-1,7
γαστήρ,30,-1,37
ἡνίοχος,30,-1,4
ἀολλής,30,-1,22
ἰθύς2,30,-1,19
γαμέω,30,-1,10
Πουλυδάμας,30,-1,2
Λαέρτης,30,-1,26
Εὐρύμαχος,30,-1,2
τιμάω,29,-1,26
Πηλείων,29,-1,1
ὁρμαίνω,29,-1,25
ἐδητύς,29,14,16
ἀυτή,29,-1,38
κορυφή,29,-1,12
ὀχθέω,29,31,5
φᾶρος,29,-1,52
ἔθνος,29,-1,21
ἅλις,29,-1,28
ὄσσα,29,-1,19
εὔσελμος,29,-1,35
ὕπερθεν,29,-1,7
χρόνος,29,-1,39
Τελαμών,29,-1,2
ἀφνειός,29,-1,34
ποδώκης,29,-1,1
χαμᾶζε,29,-1,19
πάντοσε,29,-1,12
ἐπεύχομαι,29,-1,7
ἀντικρύ,29,-1,3
λαγχάνω,29,-1,13
ἀγρός,29,-1,48
καταλείπω,29,-1,26
ἀγών,29,-1,4
τελευτάω,29,-1,48
τρίπους,29,-1,44
δμώς,29,-1,10
οἰωνός,28,-1,27
μετόπισθε,28,-1,33
ἀποτίνω,28,-1,38
ἀρχός,28,-1,2
αἰχμητής,28,-1,8
καρτερός,28,-1,48
ὁμῶς,28,-1,4
λιγύς,28,-1,47
ἠριγένεια,28,23,35
πορφύρεος,28,-1,52
ἅλλομαι,28,-1,19
τοιόσδε,28,-1,38
αἶα,28,-1,26
ἀτάλαντος,28,-1,2
ἀγχοῦ,28,-1,5
στόμα,28,-1,41
πλεῖστος,28,-1,34
τῆλε,28,-1,26
σιωπή,28,-1,15
ὄβριμος,28,-1,3
ἀήρ,28,-1,30
πλέω,28,-1,35
οὖδας,28,-1,19
Τεῦκρος,28,-1,2
βλέφαρον,28,-1,37
οὖς,28,-1,3
παρατίθημι,28,-1,28
ἐρίζω,27,-1,26
ἁνδάνω,27,6,13
ἀγοράομαι,27,25,5
ἆσσον,27,-1,27
ὀφείλω,27,-1,34
ἐρετμόν,27,-1,18
πόσις2,27,14,16
ῥοδοδάκτυλος,27,23,35
βοάω,27,-1,45
Ἀργειφόντης,27,-1,6
ἐνιαυτός,27,-1,46
ὥρα,27,-1,46
ἐπίσταμαι,27,-1,8
ἀλάομαι,27,-1,38
ὑπέρθυμος,27,-1,2
ἄγαμαι,27,-1,9
καταβαίνω,27,-1,54
ἡνία,27,-1,4
παχύς,27,-1,19
φίλτατος,27,-1,50
μειλίχιος,27,-1,5
λίθος,27,-1,41
Ἄρτεμις,27,23,6
πρυμνός,27,-1,21
δοκέω,27,-1,9
δώδεκα,27,17,20
εὐπλόκαμος,27,15,6
ἀλύσκω,27,-1,23
ἀγγέλλω,27,-1,11
ῥόος,27,-1,30
ἄποινα,26,15,28
ὑπόδρα,26,31,5
ἐπιπείθομαι,26,-1,33
χρεώ,26,-1,9
πάροιθε,26,-1,20
ἑξῆς,26,-1,43
ἔρος,26,14,16
μεταλλάω,26,-1,9
ὄψ,26,-1,11
πλησίος,26,-1,41
κορύσσω,26,-1,3
ἡγεμών,26,-1,53
ἀρηίφιλος,26,-1,1
ἱππεύς,26,-1,26
ὄρχαμος,26,-1,8
Αἰακίδης,26,41,1
ἀλεείνω,26,-1,21
κυνέη,26,-1,7
δολιχόσκιος,26,-1,3
ἄγνυμι,26,-1,3
δείκνυμι,26,-1,44
παπταίνω,26,-1,12
κάματος,26,21,52
ὀδούς,26,-1,48
πάγχυ,26,-1,1
στρέφω,26,-1,17
νύσσω,26,-1,3
μῶνυξ,26,-1,4
ἴς,26,-1,12
βλάπτω,26,-1,23
πομπή,26,-1,18
τί,26,-1,8
τοὔνεκα,25,-1,33
ἔκπαγλος,25,-1,8
φάσγανον,25,-1,3
ἔισος,25,-1,45
ἄτη,25,-1,4
ἱστίον,25,23,35
κόρος2,25,-1,16
νωμάω,25,-1,32
ὑπισχνέομαι,25,-1,13
ἀμβρόσιος,25,-1,44
ἐλεαίρω,25,-1,6
μέδων,25,-1,9
μεταυδάω,25,-1,5
αἰδώς,25,-1,38
γελάω,25,-1,7
κακότης,25,-1,51
αἰθήρ,25,-1,30
ὀξύς2,25,-1,3
φωνή,25,-1,41
περάω,25,-1,18
ἐξαιρέω,25,-1,13
ἔλαιον,25,38,44
πάλλω,25,-1,7
τείνω,25,-1,26
χαλκήρης,25,-1,7
ἐπορούω,25,-1,3
θρῴσκω,25,-1,19
ὀδύνη,25,-1,49
ἰθύνω,25,-1,25
φάρμακον,25,-1,49
ἤπιος,25,-1,49
ἁμαρτάνω,25,-1,3
μεσηγύ,25,-1,19
γοάω,25,-1,44
Βορέας,25,-1,12
καταθνήσκω,25,9,26
νίζω,25,-1,44
ἰάλλω,25,14,16
ἀρνός,24,-1,24
πείρω,24,40,22
ὁμιλέω,24,-1,39
καθέζομαι,24,-1,43
αἶσα,24,-1,23
οὖρος,24,-1,16
δέος,24,-1,38
περικλυτός,24,12,51
ἄνευθε,24,-1,31
πατρώιος,24,-1,40
πιστός2,24,-1,14
ἀμφικαλύπτω,24,-1,19
φαγεῖν,24,-1,32
θαυμάζω,24,-1,35
πεντήκοντα,24,-1,20
ἀριστερός,24,-1,50
ὅμοιος,24,-1,14
ἀοιδή,24,-1,47
μνάομαι,24,-1,40
ἐρίηρος,24,-1,47
ὑφαίνω,24,23,25
λιλαίομαι,24,-1,40
Ἰδαῖος,24,-1,12
χάρις,24,-1,28
λέγω,24,30,52
χάρμη,24,-1,15
ἀντιβολέω,24,-1,45
χαμαί,24,-1,19
δουπέω,24,-1,19
μέλος,24,-1,37
Ἐννοσίγαιος,24,-1,11
λέβης,24,-1,7
ἀποπέμπω,24,-1,26
μενοινάω,24,-1,23
πρόθυρον,24,-1,52
ὅπη,24,-1,23
Καλυψώ,24,-1,6
Εὐρύκλεια,24,-1,14
ταῦρος,23,-1,20
κάρηνον,23,-1,34
πυρή,23,-1,22
θαρσέω,23,-1,8
ταρβέω,23,-1,19
ποθέω,23,-1,47
ποῖος,23,-1,9
ἀναίσσω,23,-1,5
ὄνειρος,23,-1,9
λιπαρός,23,-1,41
πολυμήχανος,23,-1,53
Κρόνος,23,4,10
ἐνίπτω,23,-1,5
μηκέτι,23,-1,8
λᾶας,23,-1,41
ἀκτή,23,-1,41
ἀθρόος,23,-1,18
ῥεῖθρον,23,-1,30
ἐγχείη,23,-1,2
κοῦρος,23,-1,43
ἄκοιτις,23,-1,10
ναίω2,23,-1,34
οἰμώζω,23,-1,19
γραῦς,23,-1,52
πη,23,-1,18
δηιόω,23,-1,1
λάμπω,23,-1,7
μαίνομαι,23,30,33
σιγαλόεις,23,-1,52
ζυγόν,23,18,4
θεάομαι,23,-1,14
νόημα,23,-1,8
Αὐτομέδων,23,-1,2
ὑψόσε,23,-1,4
ἄορ,23,-1,3
θέλγω,23,-1,29
ἀφίημι,22,-1,42
κινέω,22,-1,5
λοιγός,22,-1,1
ἀπωθέω,22,-1,41
ποθι,22,-1,46
ἀπειλέω2,22,-1,1
παλάμη,22,-1,3
πετάννυμι,22,-1,52
εὐρύοπα,22,-1,8
ἅλιος,22,-1,6
δαιμόνιος,22,-1,0
πλάζω,22,-1,26
δάω,22,-1,9
ἔτος,22,-1,46
ἐρατεινός,22,-1,34
ἔργω,22,-1,31
Ἐπειός,22,-1,2
ἕλκος,22,-1,49
οἰκίον,22,-1,34
θῆλυς,22,-1,27
ἀγός,22,22,2
ὄνομα,22,-1,33
ζεύγνυμι,22,-1,4
προτέρω,22,-1,23
φύλοπις,22,-1,15
ἱρός,22,-1,13
συλάω,22,-1,4
χαλκοῦς,22,-1,3
μελιηδής,22,-1,32
βόσκω,22,-1,20
μάστιξ,22,-1,4
πνοή,22,-1,12
αἴσιμος,22,34,8
δύστηνος,22,-1,53
αἴθω,22,-1,22
ξεστός,22,-1,52
θρασύς,22,-1,4
ταμία,22,-1,28
κυλίνδω,22,-1,12
παρέξ,22,-1,9
εὔκομος,21,-1,6
ὁμοῦ,21,-1,36
πρώτιστος,21,-1,29
Διοτρεφής,21,-1,8
κοτέω,21,-1,24
ἐρητύω,21,-1,33
αὐδή,21,-1,47
εἴθε,21,-1,29
ἐντός,21,-1,41
ἤπειρος,21,-1,40
καταπίπτω,21,-1,19
φόρμιγξ,21,-1,47
ἄλλοθεν,21,-1,46
παῦρος,21,-1,43
νεφέλη,21,-1,30
σάφα,21,-1,8
ὁμοκλέω,21,-1,15
ἐτεός,21,-1,9
πέρθω,21,39,13
δαίζω,21,-1,45
ὑπερῷον,21,-1,52
Εὐρύπυλος,21,-1,2
καθύπερθε,21,-1,52
Γλαῦκος,21,-1,2
Ξάνθος,21,-1,30
ἀκήν,21,-1,48
πελώριος,21,-1,7
τρίτος,21,-1,46
ἱμάς,21,-1,4
εἰκός,21,-1,31
ἄκων,21,-1,3
σπεύδω,21,-1,52
ἀποκτείνω,21,-1,26
ἀλωή,21,-1,31
ἑκάς,21,-1,40
πεῖραρ,21,-1,23
κατερύκω,21,-1,8
κυνέω,21,-1,5
εὔξεστος,21,-1,4
ἀσπάσιος,21,-1,51
πυκινός,21,-1,27
ὁπλίζω,21,-1,44
ἰθύς,21,-1,38
κορέννυμι,21,-1,22
ὄνειαρ,21,14,16
ἀίω,21,-1,12
κείρω,21,-1,16
ξένιος,21,-1,43
πτωχός,21,-1,37
ὑφορβός,21,-1,0
χαρίεις,20,-1,7
ὄχα,20,-1,2
κύδιστος,20,-1,29
ἐριβῶλαξ,20,-1,34
ἀφαιρέω,20,-1,13
ἄντην,20,-1,5
οὐρανόθεν,20,24,30
φύλλον,20,-1,31
Μενοιτιάδης,20,-1,2
ὑγρός,20,-1,44
καπνός,20,-1,30
βωμός,20,-1,52
λείβω,20,-1,32
ψάμαθος,20,-1,31
δεξιτερός,20,-1,42
ὀφρύς,20,-1,37
ἀλέξω,20,-1,48
δαίω,20,-1,22
Ζέφυρος,20,-1,12
Ἀχαιίς,20,-1,40
ὀρούω,20,-1,37
φῦλον,20,-1,15
δέκα,20,-1,20
ἀδελφός,20,-1,34
δηθά,20,-1,46
αὐγή,20,-1,30
τέσσαρες,20,-1,20
αἰζηός,20,-1,42
ῥιγέω,20,-1,5
ἅλιος2,20,-1,42
ἐκτός,20,-1,41
κλονέω,20,-1,25
ἐναλίγκιος,20,-1,7
ἐναντίος,20,27,1
φθάνω,20,-1,36
κραιπνός,20,-1,12
ἄμβροτος,20,-1,44
ἐφίστημι,20,-1,50
κατέρχομαι,20,3,39
ἀέξω,20,-1,32
θύελλα,20,1,12
ἄπειμι,20,26,39
ἄνειμι,20,-1,39
ῥίμφα,20,-1,4
φλόξ,20,-1,22
Φοῖνιξ,20,-1,46
λεπτός,20,-1,7
πιφαύσκω,20,-1,9
Μέντωρ,20,-1,1
ἰαίνω,20,-1,25
ἐμπίπλημι,20,-1,32
ἐνδυκέως,20,-1,46
οἶκόνδε,20,-1,52
Αἴγισθος,20,4,26
χραισμέω,19,-1,23
δέκατος,19,-1,46
ἀφύσσω,19,-1,32
μητίετα,19,-1,12
ὄζος,19,-1,2
ἀπήμων,19,-1,26
κατανεύω,19,39,13
νεύω,19,-1,37
ἀργυρόηλος,19,-1,7
Ἰκάριος,19,8,14
ἄναλκις,19,-1,29
αἱματόεις,19,-1,44
ὑφίστημι,19,-1,29
τέρας,19,-1,12
πῆ,19,-1,53
μῆδος,19,-1,14
πρηνής,19,-1,19
στέρνον,19,-1,3
καίνυμαι,19,-1,25
τύμβος,19,-1,18
ποδαρκής,19,-1,1
ἑπτά,19,-1,20
φοιτάω,19,-1,12
Λυκάων,19,-1,2
Λυκία,19,-1,40
παρειά,19,-1,41
πέλεκυς,19,-1,42
ἐκεῖσε,19,-1,24
δοιοί,19,-1,7
ἱδρώς,19,-1,52
ὀψέ,19,-1,5
ἔντοσθε,19,13,41
εὖχος,19,-1,4
ἔλδομαι,19,-1,16
εὐεργής,19,-1,44
ἕκηλος,19,-1,38
ᾗ,19,-1,3
ἀπέχω,19,-1,13
μυχός,19,-1,52
αἴθουσα,19,-1,52
ἀάω,19,-1,5
Μενοίτιος,19,-1,8
ὅπλον,19,-1,36
χρίω,19,38,44
τοιγάρ,19,30,9
σῶς,18,-1,11
ἀκέων,18,-1,5
ἀρήγω,18,-1,1
κουρίδιος,18,-1,10
λήγω,18,-1,15
ἔλαφος,18,-1,20
λόχος,18,-1,43
ἀνορούω,18,-1,37
ἀρείων,18,-1,33
πρόσω,18,-1,3
κελαινεφής,18,-1,27
κυάνεος,18,-1,30
πράσσω,18,-1,4
διάκτορος,18,-1,6
ἀμφιέλισσα,18,-1,22
κόσμος,18,-1,22
πέπων,18,-1,9
κρήνη,18,-1,31
ἁλίσκομαι,18,-1,13
χαλεπαίνω,18,-1,8
διακρίνω,18,-1,8
παμφανόων,18,-1,19
οἶνοψ,18,-1,18
ἑκών,18,-1,16
συμβάλλω,18,-1,5
ἵμερος,18,-1,47
ἐρεείνω,18,-1,9
κατέχω,18,11,26
κατέπεφνον,18,-1,6
κλῆρος,18,-1,7
Τρωιός,18,-1,4
πικρός,18,-1,42
θοῦρος,18,-1,15
πάλαι,18,-1,23
βάζω,18,-1,8
ἐναίρω,18,-1,8
δουρικλειτός,18,-1,2
εἴκω,18,-1,45
θαῦμα,18,-1,7
δακρυόεις,18,-1,12
κειμήλιον,18,17,28
ὑποδέχομαι,18,-1,39
παλαιός,18,-1,45
εὐχετάομαι,18,-1,38
ὀιζύς,18,-1,23
κεραυνός,18,-1,22
γέγωνα,18,-1,45
ἑτοῖμος,18,14,16
τοῖχος,18,-1,41
ἐξέρχομαι,18,3,39
ἐνίημι,18,-1,11
Νηλεύς,18,-1,34
εἷος,18,-1,26
κόπτω,18,-1,3
ἥβη,18,-1,31
ἀτάσθαλος,18,9,38
Δηίφοβος,18,-1,2
ἰχθύς,18,-1,12
χράω2,18,7,27
ἐσθίω,18,-1,32
συνίημι,17,-1,11
ἀτιμάζω,17,-1,24
ἶφι,17,-1,34
κλάζω,17,-1,12
βιός,17,17,42
μάντις,17,-1,9
κρείσσων,17,-1,43
ἄλλῃ,17,-1,17
δεύω2,17,-1,45
βουληφόρος,17,-1,2
αἴτιος,17,-1,9
κορωνίς,17,-1,24
ὕβρις,17,-1,38
ἀνδροφόνος,17,-1,1
ἀτρύγετος,17,-1,18
ἑλίσσω,17,-1,13
ἐξάγω,17,-1,52
κεύθω,17,-1,9
ὀπτάω,17,40,22
χαίτη,17,-1,19
ῥίπτω,17,-1,19
Ἀτρεύς,17,-1,2
ἐπιτρέπω,17,-1,19
πέδιλον,17,35,7
ἀπονέομαι,17,-1,13
λέγω2,17,-1,18
πληθύς,17,-1,17
μετάφρενον,17,-1,3
εὔξοος,17,-1,42
δεύω,17,-1,37
ἴκελος,17,-1,47
πνέω,17,-1,37
Κρήτη,17,22,34
καταχεύω,17,-1,19
Ἀντήνωρ,17,10,2
παράκοιτις,17,2,10
τιτύσκομαι,17,-1,3
ἐφορμάω,17,-1,21
ἑκάτερθε,17,-1,52
ἐμπίπτω,17,-1,19
μαστός,17,-1,3
ζωστήρ,17,-1,7
δαιδάλεος,17,-1,7
αἴ,17,-1,9
πύματος,17,-1,36
δαίτη,17,-1,45
μήστωρ,17,-1,2
χείρων,17,-1,33
νωλεμές,17,-1,15
μετέρχομαι,17,-1,39
ἐκφεύγω,17,-1,23
ἐξελαύνω,17,-1,21
ἄλλως,17,-1,29
ἐκφέρω,17,-1,4
ἀμφοτέρωθεν,17,-1,3
ἠεροειδής,17,-1,18
μέθυ,17,-1,32
τάλαντον,17,-1,20
γαιήοχος,17,-1,11
φθέγγομαι,17,-1,5
Αὐτόλυκος,17,-1,48
δρῦς,17,-1,31
φάσκω,17,-1,46
τροφός,17,29,14
μῆνις,16,-1,43
ἐκπέρθω,16,39,13
ἔπειμι2,16,26,39
ἀντιάω,16,-1,45
μηρία,16,-1,22
κνῖσα,16,-1,22
χερείων,16,-1,14
καλλιπάρηος,16,15,6
δηλέομαι,16,-1,21
θαμβέω,16,-1,14
τηλόθεν,16,24,46
ἀναιρέω,16,-1,13
κελαινός,16,7,27
πένομαι,16,-1,45
ὀνίνημι,16,-1,29
κνέφας,16,-1,35
Μοῦσα,16,-1,47
κατακείω,16,21,26
παννύχιος,16,-1,35
φόως,16,-1,10
ἐννέα,16,-1,20
ἀγανός,16,-1,6
ἐκπίπτω,16,-1,19
θήν,16,-1,8
πτολίπορθος,16,-1,32
ἐπαινέω,16,6,5
μέτειμι,16,-1,39
τιταίνω,16,-1,54
λάζομαι,16,-1,43
μελία,16,-1,3
κόλπος,16,-1,31
τέταρτος,16,-1,46
Δάρδανος,16,-1,15
ὀρυμαγδός,16,-1,53
αἴθων,16,-1,20
ῥοή,16,-1,44
ἐσσύμενος,16,-1,4
ὄχθη,16,-1,30
κνήμη,16,42,7
παρέχω,16,-1,45
κάλλος,16,-1,28
θήρ,16,-1,20
κλειτός,16,-1,2
ὕπτιος,16,-1,19
κέρας,16,-1,20
εἴκελος,16,-1,47
χέρσος,16,-1,12
σκότος,16,-1,19
χερμάδιον,16,-1,3
παλάσσω,16,-1,7
πέπλος,16,-1,52
ἀλλότριος,16,-1,38
τρέω,16,-1,17
ἕξ,16,-1,20
καλλίθριξ,16,-1,4
εἴκω2,16,-1,38
γαμβρός,16,-1,10
ἡβάω,16,-1,23
θαρσαλέος,16,-1,8
γόνος,16,-1,10
θοῦρις,16,-1,15
σιδήρεος,16,-1,7
μόρος,16,-1,23
ὑλήεις,16,-1,40
ἀναίνομαι,16,30,33
θερμός,16,38,37
ἄμαξα,16,-1,4
χλωρός,16,-1,32
ἔσθω,16,-1,40
ἀετός,16,-1,12
μάρπτω,16,-1,16
κλισμός,16,-1,52
ἰχθυόεις,16,1,18
πεύθομαι,16,-1,33
κεδνός,16,-1,14
ἀέκητι,16,-1,38
δίκαιος,16,28,8
δίκη,16,-1,40
ὀρθός,16,-1,23
βασίλεια,16,-1,14
ἐντανύω,16,17,42
Λητώ,15,-1,6
ὀλέκω,15,-1,17
θαμέες,15,-1,41
ἀτιμάω,15,-1,29
σκιόεις,15,-1,12
ἐξερέω,15,-1,9
σημαίνω,15,1,25
δακρύω,15,-1,52
τερπικέραυνος,15,-1,22
δαίς2,15,26,45
ῥηγμίν,15,-1,35
σφάζω,15,40,20
πατέομαι,15,-1,22
ἐλελίζω,15,-1,19
ἕδος,15,-1,34
ἐναντίον,15,27,1
ἀμφικύπελλος,15,45,32
μειδάω,15,31,5
χρυσόθρονος,15,23,35
προσδέχομαι,15,-1,39
λέγω3,15,-1,9
ἱππόβοτος,15,-1,40
μείς,15,-1,46
ἠγερέθομαι,15,-1,33
ὅθεν,15,-1,46
μέδομαι,15,-1,40
τελαμών,15,-1,7
κικλήσκω,15,-1,27
Λακεδαίμων,15,-1,34
Θρᾷξ,15,-1,1
Κρής,15,22,2
Μέδων,15,-1,2
νέατος,15,-1,34
ὄμβρος,15,-1,12
τρόμος,15,15,15
ἀναχωρέω,15,-1,17
ἐίσκω,15,-1,20
ἐκγίγνομαι,15,-1,10
ἄφρων,15,8,29
ἐφοράω,15,-1,29
ἀποφθίνω,15,-1,39
λόφος,15,-1,7
τρυφάλεια,15,-1,7
τινάσσω,15,-1,7
χορός,15,-1,47
ἐκεῖθι,15,-1,23
ἁρπάζω,15,-1,12
τέθηπα,15,-1,37
ἀγχίμολος,15,-1,51
σπάω,15,-1,3
δινεύω,15,-1,37
ἀκωκή,15,-1,3
ὑπεκφεύγω,15,-1,23
πύκα,15,13,41
ποιητός,15,13,41
πολεμιστής,15,-1,8
ῥίς,15,-1,32
ἀναχάζω,15,-1,21
Νεστορίδης,15,-1,2
ἥμισυς,15,-1,31
μύρω,15,-1,19
μηχανάομαι,15,9,38
τετίημαι,15,-1,16
ἄμυδις,15,-1,27
μενοεικής,15,-1,32
λευγαλέος,15,-1,37
ἐσχατιά,15,-1,40
ῥῆγος,15,29,52
κέρδος,15,-1,14
ἄλφιτον,15,40,32
βουκόλος,15,-1,20
ἱκέτης,15,-1,45
ἀλάλημαι,15,-1,38
ἀπήνη,15,18,4
ὄλβιος,15,-1,10
ἐσθής,15,-1,28
Τειρεσίης,15,7,27
οὐλόμενος,14,-1,23
τηλόθι,14,24,46
ἀργυρότοξος,14,15,24
ναός,14,-1,34
μετάφημι,14,31,5
μαντεύομαι,14,-1,9
ἱερόν,14,-1,34
ἐξαῦτις,14,-1,47
ὄμμα,14,-1,14
Πύλιος,14,-1,34
ἐπιχθόνιος,14,-1,14
θύω2,14,-1,12
ἀπείρων2,14,-1,16
ἐγγυαλίζω,14,-1,24
πολλάκις,14,-1,9
μίνυνθα,14,-1,39
ὀιζυρός,14,-1,47
ὀβελός,14,40,22
δέω2,14,-1,45
ἀνάγω,14,-1,40
σφός,14,-1,38
βοῶπις,14,19,6
ἐτήτυμος,14,-1,9
ἄαπτος,14,-1,15
στυφελίζω,14,-1,43
Λῆμνος,14,-1,34
ἄσβεστος,14,-1,29
ἀρτύνω,14,-1,23
ὑπερμενής,14,-1,29
Νότος,14,-1,12
πλέως,14,-1,20
ἄελλα,14,-1,12
ἐναίσιμος,14,-1,8
λειμών,14,-1,30
μεταπρέπω,14,-1,5
λάθρῃ,14,-1,10
Ὀιλεύς,14,-1,2
δυοκαίδεκα,14,17,20
ἰσόθεος,14,-1,7
αἰπεινός,14,-1,34
Αἰτωλός,14,-1,2
Θόας,14,-1,2
σκοπός,14,-1,30
οἴγω,14,-1,41
λώβη,14,-1,38
δένδρεον,14,-1,31
θρίξ,14,-1,7
χαμάδις,14,-1,19
ἀναπάλλω,14,-1,11
ὠτειλή,14,-1,44
ὑπερηνορέων,14,-1,8
λαῖλαψ,14,-1,12
ἐντίθημι,14,-1,52
αἴνυμαι,14,-1,25
δολιχός,14,-1,3
ὄνομαι,14,-1,33
ἐλαφρός,14,-1,12
κτέαρ,14,-1,26
ποῦ,14,-1,2
ἄω3,14,-1,22
αἰτέω,14,-1,14
εἶδαρ,14,-1,28
δίω,14,-1,38
μέλινος,14,-1,3
ἐπιμαίομαι,14,-1,3
ἄξιος,14,-1,28
δέρμα,14,-1,7
δέμω,14,-1,41
ἐπισταμένως,14,40,22
μέτρον,14,-1,31
δημός,14,-1,22
πρόκειμαι,14,14,16
κάνεον,14,-1,32
ἕλιξ,14,40,20
ἐπέχω,14,-1,32
ἀυτμή,14,-1,22
ἀναπνέω,14,-1,37
ἆ,14,-1,23
παιπαλόεις,14,-1,30
κρήδεμνον,14,-1,41
ἕδνον,14,-1,10
πόθεν,14,24,46
νόστιμος,14,-1,27
Εὐπείθης,14,-1,5
χρῆμα,14,-1,38
σχεδία,14,-1,18
Εὐρύλοχος,14,-1,2
ἀπερείσιος,13,15,28
κραίνω,13,-1,29
φαρέτρα,13,17,42
συντίθημι,13,6,11
κρατέω,13,-1,29
δέρκομαι,13,-1,47
λεύσσω,13,-1,30
καρπός,13,-1,31
ἐναρίζω,13,-1,41
κόμη,13,-1,28
ἔνδοθι,13,-1,15
λιάζομαι,13,-1,43
διαπέρθω,13,39,13
ὑποδείδω,13,-1,15
πάρημαι,13,-1,38
πρυμνήσιος,13,-1,35
ποντόπορος,13,-1,24
φθινύθω,13,-1,38
ἄτερ,13,-1,36
καθάπτω,13,-1,8
στοναχή,13,-1,47
στεναχίζω,13,-1,15
ὅμαδος,13,-1,12
τοσόσδε,13,-1,38
ὠκύπους,13,-1,4
θύνω,13,-1,25
Ἄσιος,13,41,2
ὀνομαίνω,13,-1,25
εἰσαναβαίνω,13,-1,54
ἠνεμόεις,13,-1,30
τέμενος,13,-1,20
εὐνάω,13,-1,35
ἄργυρος,13,-1,7
δινήεις,13,-1,30
σιγή,13,-1,9
ἀφίστημι,13,-1,50
ἀτειρής,13,-1,3
ὁπότερος,13,-1,36
ἀνέρομαι,13,-1,9
σείω,13,-1,52
δειρή,13,-1,19
ὀχεύς,13,-1,41
ἀστήρ,13,43,7
δίζημαι,13,-1,34
θαρσύνω,13,-1,8
σκοπιά,13,-1,30
ταλασίφρων,13,-1,44
ὀμφαλόεις,13,-1,7
δοῦπος,13,-1,12
Ἀγήνωρ,13,10,2
ἰθύω,13,-1,19
θυμαλγής,13,-1,38
ἐπιτρέχω,13,-1,19
βροτολοιγός,13,-1,1
κραταιός,13,-1,29
ἐξερύω,13,-1,3
ὑψερεφής,13,-1,10
ἄντυξ,13,-1,7
εἴδωλον,13,-1,27
μέμονα,13,-1,46
ἴφιος,13,-1,20
Τελαμώνιος,13,-1,5
ἐξέρομαι,13,-1,9
ἐπικεύθω,13,-1,9
ἀριστεύω,13,17,50
ἀφαμαρτάνω,13,-1,3
ἀντιάζω,13,-1,45
σέλας,13,-1,22
ἔρρω,13,-1,40
κάρτος,13,-1,45
βρίθω,13,-1,31
Κεβριόνης,13,-1,2
ξύλον,13,-1,22
στορέννυμι,13,29,52
ἰαύω,13,-1,20
ποθεν,13,0,46
Περσεφόνεια,13,7,27
σανίς,13,13,41
ἄλαλκε,13,-1,23
κῶας,13,29,52
Πόλυβος,13,-1,2
ἄλλυδις,13,-1,17
νομεύς,13,-1,20
Εὐρυνόμη,13,-1,52
δέμνιον,13,-1,52
Ἀρήτη,13,-1,6
ἐννῆμαρ,12,-1,46
εὐχωλή,12,-1,24
ἐπέοικε,12,-1,45
ἐξαλαπάζω,12,39,13
ἀναιδής,12,-1,53
ποθή,12,-1,43
γλῶσσα,12,-1,32
τρίτατος,12,-1,34
ἐπιείκελος,12,-1,34
Ἠετίων,12,-1,34
πρύμνα,12,-1,1
ἐπαυρέω,12,-1,21
ὠκύπορος,12,-1,1
ἀποπαύω,12,-1,1
ἐκτέμνω,12,33,22
πανημέριος,12,-1,40
ἀπεῖπον,12,25,5
λαμπρός,12,-1,7
νήδυμος,12,-1,16
εὐρυάγυια,12,-1,13
ἠμαθόεις,12,-1,34
ἠιών,12,-1,18
σπουδή,12,-1,18
ἕδρα,12,-1,22
ἐπακούω,12,-1,29
κοιρανέω,12,-1,40
ἐλεεινός,12,-1,27
Παναχαιοί,12,-1,50
αἰγίς,12,-1,30
ἀγέλη,12,-1,20
ζείδωρος,12,-1,34
ἀρνειός,12,-1,20
κοσμέω,12,-1,2
πυκάζω,12,-1,4
Ἀγχίσης,12,-1,10
βῆσσα,12,-1,20
ἀλλοδαπός,12,-1,46
Σκαιαί,12,-1,41
ξενίζω,12,-1,46
ἀσπαίρω,12,-1,19
ζεύς,12,-1,1
Δαρδανίδης,12,-1,2
ἄψορρος,12,-1,41
Ἀΐδης,12,7,27
ἁπαλός,12,-1,3
ἀστερόεις,12,-1,30
ναύτης,12,-1,35
τέκτων,12,-1,41
μέτωπον,12,-1,7
αἰών,12,-1,47
χωρέω,12,-1,17
πεδάω,12,-1,19
θάρσος,12,-1,15
Σκάμανδρος,12,-1,30
ἐκβάλλω,12,-1,16
ἰοχέαιρα,12,-1,6
ἐμμεμαώς,12,-1,4
Ἀίδης,12,-1,27
φέβομαι,12,-1,41
ῥινόν,12,-1,7
δάμνημι,12,-1,12
ἄημι,12,-1,12
ἐμπνέω,12,-1,37
ὕπατος,12,-1,29
ἀμβροσίη,12,-1,44
κάπρος,12,-1,20
ἰότης,12,-1,24
Μελάνθιος,12,-1,20
ἔναρα,12,-1,1
ἀπολήγω,12,-1,15
κατέδω,12,11,38
αἰσχύνω,12,-1,38
εἰσάγω,12,-1,52
φυτεύω,12,-1,31
ἐφάλλομαι,12,-1,2
τελέθω,12,-1,8
ἐναντίβιος,12,27,1
Τελαμωνιάδης,12,-1,2
κρύπτω,12,-1,13
ὀπυίω,12,-1,10
νευρά,12,17,42
ἐδωδή,12,-1,32
ληίς,12,-1,13
Ἐρινύς,12,-1,43
βιάω,12,-1,31
ἀποίχομαι,12,-1,5
ζόφος,12,-1,27
ῥάβδος,12,-1,3
πομπός,12,-1,26
τίη,12,30,9
διέκ,12,-1,52
κυανόπρῳρος,12,-1,3
ἐλαία,12,32,31
ἠῶθεν,12,-1,46
εἰκοστός,12,-1,46
κίων,12,13,41
μαῖα,12,-1,9
ἄντρον,12,-1,31
Σκύλλα,12,-1,15
ἀλήτης,12,2,9
Ἀμφίνομος,12,-1,2
Ἶρος,12,-1,7
πάτρη,11,-1,46
ἀποδίδωμι,11,-1,24
κολεόν,11,-1,3
ναί,11,-1,9
ἠγάθεος,11,41,34
κράτιστος,11,-1,29
ὄνειδος,11,-1,1
ἐρωέω,11,-1,38
ἀπηνής,11,-1,43
βένθος,11,-1,6
δωδέκατος,11,-1,46
εὔδμητος,11,-1,41
ποτός,11,45,32
Ἑκάεργος,11,-1,6
Οὐρανίωνες,11,-1,38
ἔνειμι,11,-1,39
πρόπας,11,23,35
ἀμφιγύεις,11,-1,20
πραπίδες,11,-1,52
πολυκλήις,11,-1,35
ψεῦδος,11,-1,9
ἄνθος,11,-1,31
ὑπένερθε,11,-1,52
Ἰθακήσιος,11,-1,8
βασιλεύω,11,-1,34
ἠχή,11,-1,12
στείχω,11,-1,13
ἀλαπάζω,11,-1,13
ἀφραδία,11,-1,38
ἀδινός,11,-1,47
αἰπόλος,11,-1,20
ἀμφιέπω,11,-1,22
ἀγακλειτός,11,-1,2
τραχύς,11,-1,40
λίμνη,11,-1,34
νόθος,11,-1,2
Μαχάων,11,-1,49
Ἑλλήσποντος,11,-1,18
ἐρωή,11,-1,3
ἐρικυδής,11,-1,22
ἀρχή,11,-1,8
γῆ,11,-1,38
πῶυ,11,33,20
ποινή,11,-1,39
Πάρις,11,-1,2
οἶτος,11,-1,15
ἀσπιστής,11,-1,2
ταχύπωλος,11,-1,8
μῆλον2,11,32,20
ὁμοίιος,11,-1,15
ἐφοπλίζω,11,-1,44
ἀντάω,11,-1,9
ἱππηλάτης,11,-1,46
ἀτασθαλία,11,9,38
ἑτέρωσε,11,-1,19
κρόταφος,11,-1,7
πελεμίζω,11,-1,21
κατάγω,11,-1,27
ὀξυόεις,11,-1,3
διδάσκω,11,-1,8
ἐξαπίνης,11,-1,12
κτῆσις,11,-1,10
ἀτιτάλλω,11,-1,10
ὀδών,11,-1,48
μαστίζω,11,-1,4
βοείη,11,-1,52
καρπός2,11,-1,31
ἐρίγδουπος,11,-1,13
ἐπαμύνω,11,-1,22
Ὀρέστης,11,-1,2
ἐπόρνυμι,11,-1,11
ζώννυμι,11,-1,4
κυκάω,11,-1,32
ἀτύζω,11,-1,4
ἐγγύθι,11,-1,41
μητιάω,11,-1,25
πειρητίζω,11,-1,42
ἄρσην,11,-1,20
πυρός,11,-1,22
ἔνερθε,11,-1,52
στονόεις,11,-1,42
μεταστρέφω,11,-1,17
δύναμις,11,-1,38
ἀλέγω,11,-1,9
τάπης,11,-1,52
ἐντύνω,11,-1,32
ἀργυρόπεζα,11,-1,6
ἀργιόδους,11,-1,20
Αἶσα,11,-1,23
ἀκαχμένος,11,35,3
ἄπειμι2,11,26,39
ἐσχάρα,11,-1,52
κτύπος,11,-1,38
ἀσάμινθος,11,38,44
σπέρχω,11,-1,25
γναμπτός,11,-1,37
χρέος,11,-1,53
δοάσσατο,11,-1,5
θρῆνυς,11,-1,7
ἐκεῖθεν,11,-1,46
ἐπιχέω,11,44,7
ἴκρια,11,-1,3
πάτροκλος,11,-1,1
ἐμπάζομαι,11,16,43
κεάζω,11,-1,22
γυμνός,11,-1,21
κωκύω,11,-1,14
δρόμος,11,15,4
τέως,11,-1,46
βρῶσις,11,14,16
δειπνέω,11,-1,16
πόλινδε,11,-1,46
Ναυσικάα,11,-1,6
ῥάκος,11,-1,37
τέλλω,10,-1,16
ἀμφιβαίνω,10,-1,44
ἔλδωρ,10,-1,29
ὁμηγερής,10,-1,5
φυή,10,-1,14
Βρισηίς,10,-1,13
στυγέω,10,-1,43
μέροψ,10,-1,20
ὑπείκω,10,-1,8
Θήβη,10,-1,34
χθιζός,10,-1,18
στέλλω,10,-1,35
δέρω,10,40,22
μιστύλλω,10,40,22
σκίδνημι,10,-1,12
πωλέομαι,10,-1,21
ἐφετμή,10,-1,29
διατμήγω,10,-1,30
ἐπιεικής,10,-1,29
κύπελλον,10,45,32
ἐφάπτω,10,-1,23
μελίφρων,10,45,32
μέγεθος,10,-1,14
νοσφίζομαι,10,-1,43
ἐξάρχω,10,-1,47
ἁδινός,10,-1,47
αἰσχρός,10,-1,5
προφέρω,10,-1,1
ἠβαιός,10,-1,23
κεδάννυμι,10,-1,13
ὑπερέχω,10,-1,8
ἀίδηλος,10,-1,53
πετεινός,10,-1,12
διαρραίω,10,-1,13
ἄρρηκτος,10,-1,41
εὐρύχορος,10,-1,34
ἀμφινέμομαι,10,41,34
τεσσαράκοντα,10,-1,20
Σθένελος,10,-1,2
Ἦλις,10,-1,34
Τληπόλεμος,10,-1,2
γηράσκω,10,-1,46
Ἑλλάς,10,-1,34
δυσηχής,10,-1,23
μενεπτόλεμος,10,-1,2
ποδήνεμος,10,-1,11
ἄκριτος,10,-1,41
Ἀκάμας,10,-1,2
καμπύλος,10,-1,42
τέρην,10,-1,22
ὁμηλικία,10,-1,14
διέρχομαι,10,3,39
ἐγκέφαλος,10,-1,19
εὔτυκτος,10,43,7
πολυδαίδαλος,10,-1,7
ἀσκέω,10,-1,7
ἱμερόεις,10,-1,47
Τρῳάς,10,-1,13
ἀπεχθάνομαι,10,-1,43
αἰνέω,10,-1,5
δάπεδον,10,-1,32
χανδάνω,10,6,13
ἀνακλίνω,10,-1,19
νευρή,10,17,42
ἐλέφας,10,-1,7
νεβρός,10,-1,20
ἀρέσκω,10,-1,28
κολλητός,10,-1,41
ὁμός,10,-1,23
κασιγνήτη,10,-1,6
ῥινός,10,-1,27
ἰαχή,10,-1,12
λύκος,10,-1,20
ἀραβέω,10,44,19
ἀκάματος,10,21,22
θέσφατος,10,-1,46
ἀχλύς,10,-1,19
ἐλύω,10,-1,28
εἰλύω,10,-1,31
φείδομαι,10,-1,21
ἔθω,10,-1,15
Λαομέδων,10,-1,2
ῥέα,10,-1,36
καταθνητός,10,9,14
τηλοῦ,10,-1,34
ἀγυιά,10,-1,34
Ἕλενος,10,-1,2
ὁδός,10,-1,41
ἀρκέω,10,-1,3
Ἱππόλοχος,10,37,2
σήμερον,10,-1,15
καταπαύω,10,-1,1
πρόσωπον,10,-1,7
ἔκτοσθε,10,-1,41
ἕωθεν,10,-1,35
ὑποτίθημι,10,6,28
ἀμήχανος,10,-1,53
πήληξ,10,-1,19
τολμάω,10,-1,9
καταδέω,10,-1,52
αὔριον,10,-1,29
Θρασυμήδης,10,-1,2
ἀλοιφή,10,-1,20
ἐρυθρός,10,-1,32
ἐχθαίρω,10,-1,8
γουνόομαι,10,16,43
ἀπαγγέλλω,10,8,11
ἐξερεείνω,10,-1,9
λαιψηρός,10,-1,12
εἰσβαίνω,10,-1,54
ἀλείφω,10,38,44
κασσίτερος,10,-1,7
πτερόν,10,-1,19
ποτής,10,14,16
χεῖλος,10,-1,7
ἔπαλξις,10,-1,41
καθαίρω,10,-1,44
ἀρνέομαι,10,-1,43
φιλοπόλεμος,10,-1,4
οὖλος2,10,38,52
ὄλβος,10,-1,10
ὑπέρβιος,10,-1,38
πολύφρων,10,-1,29
δίχα,10,-1,13
λοχάω,10,-1,40
ἐρίδουπος,10,-1,41
εἰσαφικνέομαι,10,-1,49
λέκτρον,10,-1,52
κοῖτος,10,-1,16
Πεισίστρατος,10,-1,2
Αἴγυπτος,10,-1,46
δέσποινα,10,-1,28
αἰτίζω,10,-1,37
ἤπειρόνδε,10,-1,18
ἑκηβόλος,9,15,24
ἱερεύς,9,-1,24
ἐρεθίζω,9,-1,5
ἀναφαίνω,9,-1,25
ὄσσομαι,9,-1,33
ἐπιέννυμι,9,-1,15
Πειρίθοος,9,36,2
ἀντίβιος,9,27,8
ἐπιπλέω,9,-1,24
Ταλθύβιος,9,-1,2
ἤ2,9,30,9
ὠκύμορος,9,-1,7
σπλάγχνον,9,40,22
μολπή,9,-1,47
ὑψοῦ,9,-1,19
κυδιάνειρα,9,-1,1
ἧχι,9,-1,30
ἄφθιτος,9,-1,7
προσβαίνω,9,-1,54
στιχάομαι,9,-1,4
μάψ,9,-1,38
ὀπαδέω,9,34,8
ἐφευρίσκω,9,-1,18
ἀτρέμας,9,-1,21
πληγή,9,-1,4
ἐπιφράζω,9,-1,43
νεμεσίζομαι,9,27,43
δράκων,9,-1,20
συνάγω,9,-1,11
σκόπελος,9,-1,31
ὀδάξ,9,-1,19
ἀγήραος,9,-1,14
ἑκατόν,9,-1,34
χήν,9,-1,12
πλατύς,9,-1,20
ἄλσος,9,-1,34
προγενής,9,-1,10
Εὐρύαλος,9,-1,2
Ἐνυάλιος,9,-1,2
Εὔμηλος,9,-1,34
Κίκονες,9,-1,35
λάινος,9,-1,41
τέχνη,9,-1,29
ἦκα,9,-1,19
νέμεσις,9,-1,38
ἐκχέω,9,-1,42
ἐτώσιος,9,-1,28
ἱπποδάσεια,9,42,7
ἑανός,9,-1,7
μαρμαίρω,9,-1,41
ὑψόροφος,9,-1,46
φθονέω,9,-1,13
πάμπρωτος,9,-1,35
ἐκβαίνω,9,-1,54
κορώνη,9,-1,41
πάσσω,9,-1,22
κεράννυμι,9,45,32
τέτμον,9,-1,26
πτώσσω,9,-1,37
ἀνέρχομαι,9,3,39
ἄκρα,9,-1,13
ἄμοτον,9,-1,1
σύνειμι2,9,-1,39
ὁρμή,9,-1,39
ἐκφαίνω,9,-1,25
ἠίθεος,9,-1,2
τένων,9,-1,3
δαίω2,9,-1,22
ψυχρός,9,-1,12
πλήθω,9,-1,30
ἰσχανάω,9,-1,48
εἶθαρ,9,-1,3
μαψίδιος,9,-1,38
ἀκέομαι,9,-1,49
ἐπιδευής,9,-1,38
ἕλωρ,9,-1,40
ὑπομένω,9,-1,15
τρέχω,9,-1,19
χαλκοκορυστής,9,-1,1
ʼἀθήνη,9,-1,6
κύκλος,9,-1,7
Θῆβαι,9,-1,34
βραχεῖν,9,-1,19
τρώς,9,-1,48
ὀδύσσομαι,9,-1,33
τηλεθάω,9,32,31
ξεινήιον,9,-1,45
ἔτης,9,-1,10
ἀληθής,9,-1,9
εἰλίπους,9,40,20
ἀγακλυτός,9,-1,51
ἀριπρεπής,9,-1,8
βροτόεις,9,-1,1
χώρα,9,-1,18
ἐφανδάνω,9,6,5
τρομέω,9,-1,35
αὐτοσχεδόν,9,35,3
διηνεκής,9,-1,9
σκεδάννυμι,9,-1,13
πυρκαιά,9,-1,22
σκόλοψ,9,-1,41
ἠερόεις,9,-1,30
κομέω,9,-1,46
προφαίνω,9,-1,5
καθαρός,9,-1,44
νηέω,9,-1,22
σίαλος,9,-1,20
ἐφύπερθε,9,38,52
κηρόθι,9,-1,5
ἐχέφρων,9,8,14
Φθία,9,-1,34
Αἰγύπτιος,9,-1,34
κόνις,9,-1,44
δήω,9,-1,45
στερεός,9,-1,36
ἔξω,9,-1,18
ἄγραυλος,9,-1,20
ἀποτρέπω,9,-1,5
περιχέω,9,-1,28
μισθός,9,-1,31
λίπα,9,38,44
ῥώομαι,9,-1,26
Πείσανδρος,9,-1,2
θάμνος,9,-1,31
ἀριδείκετος,9,-1,51
ἐξοπίσω,9,-1,21
ἧπαρ,9,-1,3
ἄλεισον,9,-1,32
Ἀστεροπαῖος,9,-1,2
ἔραζε,9,-1,19
ἀράσσω,9,-1,3
πάντοθεν,9,-1,12
ὕψι,9,-1,3
ἀμφίγυος,9,35,3
νηπύτιος,9,34,8
κατακλάω,9,-1,26
ἐπελαύνω,9,-1,21
θαμά,9,-1,14
μινύθω,9,-1,46
εἴβω,9,-1,37
χηλός,9,-1,28
ῥαίω,9,-1,19
ἔργνυμι,9,-1,37
ζῶ,9,-1,35
εὐσταθής,9,-1,41
προβλώσκω,9,-1,48
ἐργάζομαι,9,-1,43
τιμήεις,9,-1,28
κυβερνήτης,9,-1,25
λαῖτμα,9,-1,18
θάπτω,9,-1,23
πέλεια,9,-1,12
ἑσπέριος,9,-1,40
προέχω,9,-1,41
τέρμα,9,-1,14
τάφος,9,-1,45
ἀμφιφορεύς,9,-1,32
ἀλήθεια,9,30,9
δόμονδε,9,-1,6
δαιτυμών,9,-1,32
Δολίος,9,-1,6
νήχω,9,-1,18
Δημόδοκος,9,-1,47
Χάρυβδις,9,-1,21
Θεσπρωτοί,9,-1,46
ἅζομαι,8,-1,43
πολύφλοισβος,8,-1,12
κλαγγή,8,-1,12
σύμπας,8,-1,13
ἀπολύω,8,15,28
παρέρχομαι,8,3,39
ἐρέτης,8,-1,24
πλοῦτος,8,-1,34
μηνίω,8,-1,1
μείρομαι,8,30,33
σκηπτοῦχος,8,-1,8
μάρτυρος,8,-1,14
μινυνθάδιος,8,-1,10
καταρρέζω,8,31,6
διαπράσσω,8,-1,13
ὀνείδειος,8,-1,5
δικάζω,8,-1,1
ἐριδαίνω,8,-1,38
γέλως,8,-1,29
ἥλιος,8,-1,35
οὖλος3,8,-1,12
κηρύσσω,8,40,4
ἀλαλητός,8,-1,4
δειδίσσομαι,8,-1,8
κοίρανος,8,-1,53
ἀπονόσφι,8,-1,17
κερτομέω,8,-1,9
ἄνεω,8,-1,43
πολεμήιος,8,-1,47
ἱδρόω,8,-1,52
μέλαθρον,8,-1,41
νομός,8,-1,20
Πηνέλεως,8,-1,2
ποιήεις,8,41,34
Ἀθῆναι,8,-1,34
Μυκήνη,8,-1,34
νῶροψ,8,-1,7
ἄντομαι,8,-1,41
στεῦμαι,8,-1,1
ἐμβαίνω,8,-1,54
δυώδεκα,8,17,20
Οἰνεύς,8,-1,34
ἀγέρωχος,8,-1,2
Ἄντιφος,8,-1,2
λωτός,8,-1,49
ἱμάσσω,8,-1,4
Πάνδαρος,8,-1,2
ἀγρότερος,8,-1,20
κεραίζω,8,-1,13
ἐνοπή,8,-1,12
ἀθέσφατος,8,-1,31
σῶμα,8,-1,22
πρόμος,8,15,4
χάρμα,8,-1,40
κάλη,8,-1,7
πολυβότειρα,8,-1,19
γνωτός,8,-1,23
τηλύγετος,8,-1,33
πύξ,8,-1,39
αἶσχος,8,-1,38
ἀσκός,8,-1,32
κνημίς,8,42,7
δολοφρονέων,8,-1,5
νεμεσητός,8,27,43
ἀργής,8,-1,22
μεγαίρω,8,-1,11
πρέσβυς,8,-1,10
φοῖνιξ,8,-1,7
ἄγαλμα,8,-1,22
ἀναπίμπλημι,8,-1,23
χάσκω,8,-1,19
ἀμφιπένομαι,8,-1,49
φρίσσω,8,-1,3
Καδμεῖος,8,-1,43
ψεύδω,8,2,9
κάτειμι,8,-1,39
Σιμόεις,8,-1,30
αἴγειρος,8,-1,31
λεῖος,8,-1,41
ὀμφαλός,8,-1,19
παμφαίνω,8,-1,25
θηρατήρ,8,-1,20
αἰόλος,8,-1,31
πῆχυς,8,-1,42
Χάρις,8,-1,28
κυδαίνω,8,-1,25
ἀγκών,8,-1,3
λάξ,8,-1,16
Ἡρακλέης,8,-1,34
ἐρεβεννός,8,-1,12
εὐφραίνω,8,-1,29
φηγός,8,-1,41
μυκάομαι,8,-1,19
ἐπιτάρροθος,8,-1,9
ἀκήριος,8,-1,38
ὑπέκ,8,-1,4
ἄσχετος,8,-1,46
Πήδασος,8,41,34
ἕκτωρ,8,-1,50
Ἑκάβη,8,-1,47
ἀφικάνω,8,-1,40
ἀμφιμάχομαι,8,-1,1
παραπείθω,8,-1,11
εὐφρονέων,8,25,5
δεῦτε,8,-1,29
τῆμος,8,23,35
κτυπέω,8,-1,12
πολυπῖδαξ,8,-1,20
τανηλεγής,8,-1,36
ἐμπρήθω,8,-1,22
κήλεος,8,-1,22
Ἀγέλαος,8,-1,2
πουλυβότειρα,8,-1,19
εὔτροχος,8,-1,4
Ὑπερίων,8,-1,35
φύλαξ,8,-1,52
θάλλω,8,-1,20
σβέννυμι,8,-1,22
πρόδομος,8,-1,52
ῥίζα,8,-1,31
ἀναρπάζω,8,1,12
ἄττα,8,-1,11
περιδείδω,8,-1,15
ἀσκηθής,8,-1,25
μω~νυξ,8,-1,4
ὀχέω,8,-1,23
ὑψόθεν,8,24,12
ταρφύς,8,-1,42
ἀνατρέχω,8,-1,19
ἐφίζω,8,-1,44
λιαρός,8,-1,44
ἀνδρόμεος,8,-1,32
κακόω,8,-1,25
ὑβρίζω,8,9,38
ἀτέμβω,8,-1,45
νίσσομαι,8,-1,33
θεσπιδαής,8,-1,22
ἀρή,8,-1,1
γυμνόω,8,-1,3
ἱέραξ,8,-1,12
περιμήκης,8,-1,19
ἴχνιον,8,-1,39
ἤια,8,-1,32
ἀσφαλής,8,-1,17
ἄνευ,8,-1,31
κυανοχαίτης,8,-1,11
ἀναγιγνώσκω,8,-1,47
Πανθοίδης,8,10,2
λουτρόν,8,-1,44
βέλτερος,8,-1,8
φυτόν,8,-1,31
ἐρεύγομαι,8,-1,18
ἀεικίζω,8,-1,38
σχεδόθεν,8,24,14
κόπρος,8,-1,20
λιμός,8,-1,37
περάω2,8,-1,40
ὦνος,8,-1,34
ἀκηδής,8,-1,44
συφορβός,8,-1,52
τηλεδαπός,8,-1,46
δύσμορος,8,-1,46
ἀριφραδής,8,40,9
πρόχοος,8,44,7
ἐπικλώθω,8,-1,10
χέρνιψ,8,44,7
νήποινος,8,-1,33
φιλήρετμος,8,12,51
ἐπηετανός,8,-1,31
ἁλμυρός,8,-1,24
μοχλός,8,-1,37
Σειρήν,8,-1,47
Θεοκλύμενος,8,-1,2
Πείραιος,8,-1,2
οὐλή,8,-1,48
διίστημι,7,-1,50
ζάθεος,7,41,34
ἀργός,7,-1,20
κότος,7,-1,11
θεοπροπία,7,16,43
οἴκοι,7,-1,26
εὐτείχεος,7,39,13
ἱλάσκομαι,7,-1,13
κώπη,7,-1,3
λωίων,7,-1,33
ἀγορητής,7,-1,2
μέλι,7,-1,32
τελήεις,7,-1,34
ὀτρηρός,7,-1,32
ἀναδύνω,7,-1,18
ἑκατηβόλος,7,15,24
ἐπασσύτερος,7,-1,2
κλισίηθεν,7,-1,2
Αἰθίοψ,7,-1,34
εὔζωνος,7,-1,42
οὐλοχύται,7,-1,7
προβάλλω,7,-1,12
ἐπάρχω,7,45,32
τέκμαρ,7,-1,36
ἀγνοέω,7,-1,5
δολομήτης,7,4,10
ἀνεκτός,7,-1,23
οἰνοχοέω,7,45,32
νέκταρ,7,-1,32
ποιπνύω,7,-1,1
καθεύδω,7,-1,52
ἀμφιχέω,7,-1,16
Ἀτρυτώνη,7,39,29
ἀγκυλομήτης,7,4,10
χατίζω,7,-1,43
πέσσω,7,-1,31
ἔπειμι,7,26,39
ἀνιάω,7,-1,37
ἀσχαλάω,7,-1,11
κενός,7,-1,46
ἀρίζηλος,7,-1,14
τοσοῦτος,7,-1,10
αἰειγενέτης,7,-1,11
μῶλος,7,-1,9
περιίστημι,7,-1,20
κατακαίω,7,21,26
ἀγάλλω,7,-1,18
αἰπόλιον,7,-1,20
Βοιωτός,7,-1,2
Ἀσκάλαφος,7,-1,2
παρθένος,7,-1,2
Μενεσθεύς,7,-1,2
Σπάρτη,7,-1,34
Ἀλφειός,7,41,34
Μέγης,7,36,2
Φυλείδης,7,36,2
Ἡράκλειος,7,-1,34
Ἐφύρα,7,-1,34
οἰκέω,7,-1,34
ἀλαπαδνός,7,-1,45
ὁπλότερος,7,-1,10
Πολυποίτης,7,36,2
ἀλίαστος,7,-1,15
κνημός,7,-1,20
Ἱππόθοος,7,37,2
Φόρκυς,7,37,2
νήιος,7,-1,3
ὑπερβασία,7,-1,38
Ἀντηνορίδης,7,-1,2
ἐφέζομαι,7,-1,43
τήκω,7,-1,37
τανύπεπλος,7,-1,6
λαπάρα,7,-1,3
φάλος,7,42,7
ἠπεροπεύω,7,-1,37
ὑποστρέφω,7,-1,17
μητίομαι,7,-1,33
προκαλέω,7,27,1
ἔραμαι,7,-1,47
τρητός,7,-1,52
σκύζομαι,7,16,43
ἀτέλεστος,7,-1,52
ὠμός,7,-1,22
διατρίβω,7,-1,13
ὀιστεύω,7,17,42
βόειος,7,42,7
ἀγελείη,7,-1,6
γύψ,7,-1,38
γηθόσυνος,7,-1,15
Χρομίος,7,37,2
γέφυρα,7,-1,4
ἄχνη,7,-1,12
γάλα,7,-1,31
μηκάομαι,7,-1,19
στόνος,7,-1,1
ἀπορούω,7,-1,2
ἀλέω,7,-1,21
δαίδαλος,7,-1,7
κλόνος,7,-1,1
πίσυνος,7,-1,45
φάτνη,7,18,4
κρατερῶνυξ,7,-1,4
καταβάλλω,7,-1,31
ἄατος,7,-1,15
οἰκεύς,7,-1,14
εὔπεπλος,7,-1,6
εὔκυκλος,7,-1,7
ὑμός,7,-1,13
τηλεκλειτός,7,-1,2
πρόσειμι2,7,-1,39
λιγυρός,7,-1,12
κυδοιμός,7,-1,12
προρέω,7,-1,30
ἐγχρίμπτω,7,-1,41
μόρσιμος,7,-1,27
ἄκρον,7,-1,41
τρήρων,7,-1,12
ἵππειος,7,-1,4
τροχός,7,-1,41
ὁμοκλή,7,-1,15
Βελλεροφόντης,7,-1,34
παραλέγω,7,-1,11
ἔνδοθεν,7,0,46
βλώσκω,7,-1,48
ἁμός,7,-1,13
ἀγλαία,7,-1,16
συνάντομαι,7,-1,11
ἀμφαδόν,7,-1,29
πτύξ,7,-1,30
φυλακή,7,-1,35
δόρπος,7,-1,35
μεταφωνέω,7,31,5
Τροίανδε,7,-1,26
χωρίς,7,-1,52
δεῖπνος,7,-1,44
Θηβαῖος,7,7,27
ὀρυκτός,7,-1,41
θρόνον,7,-1,52
ʼὀδυσσεύς,7,-1,5
διαπρύσιος,7,-1,45
Μελάνιππος,7,37,2
ὑποδύομαι,7,-1,50
κατόπισθεν,7,-1,14
ῥιπή,7,-1,12
Ἔρεβος,7,-1,27
αἰπός,7,-1,13
γένειον,7,-1,5
πυρά,7,-1,22
σελήνη,7,-1,30
φύζα,7,-1,15
βασίλειος,7,-1,10
Ἀχαιικός,7,-1,40
ἐπήρατος,7,-1,31
ἐχθρός,7,-1,14
ἀλιταίνω,7,-1,25
ἀμύντωρ,7,-1,1
στρωφάω,7,-1,31
ὑπερβαίνω,7,-1,41
μενεχάρμης,7,-1,2
συγχέω,7,-1,23
χιών,7,40,12
παλύνω,7,40,32
αἰτιάομαι,7,-1,38
στεροπή,7,-1,7
φῆμις,7,-1,40
ἀπόπροθεν,7,-1,46
ἐπικρατέω,7,-1,29
εὐρυμέτωπος,7,-1,20
Δόλων,7,-1,1
πέντε,7,-1,20
ὀροθύνω,7,-1,25
νειός,7,-1,20
ἀποστρέφω,7,-1,17
Ἶλος,7,-1,34
ἀπονίζω,7,-1,44
χαλκοβαρής,7,-1,3
λίς,7,-1,12
οἰκτρός,7,-1,14
στήλη,7,-1,18
βριαρός,7,42,7
καθαιρέω,7,-1,13
ποικιλομήτης,7,4,52
βιάζω,7,-1,33
ἀπαίνυμαι,7,-1,25
τυρός,7,-1,32
Πυλόνδε,7,-1,16
ἀπονίναμαι,7,-1,24
ὑπέρτερος,7,-1,22
αὖος,7,-1,31
δηριάομαι,7,-1,38
κῆτος,7,-1,12
ἀρίγνωτος,7,-1,10
Μίνως,7,22,34
ἀποπλάζω,7,-1,26
ἐυστρεφής,7,-1,3
γναθμός,7,-1,32
πέλαγος,7,-1,12
τολυπεύω,7,-1,15
τῆ,7,-1,32
κείω,7,-1,52
Λαοδάμας,7,-1,2
νεώτερος,7,-1,8
ἀπάγω,7,-1,13
πέμπτος,7,-1,46
ἔριφος,7,-1,24
πάτρα,7,24,46
πιέζω,7,-1,16
βόθρος,7,-1,12
δήμιος,7,-1,9
ἄστυδε,7,-1,41
ἀλγίων,7,-1,33
ἀνιάζω,7,-1,37
ἀράω2,7,-1,26
Ὠρίων,7,-1,30
δοιώ,7,-1,47
αὐδήεις,7,15,6
δίνη,7,-1,12
οἴκτιστος,7,34,29
ἕσπερος,7,-1,47
ἀμφαφάω,7,-1,42
κομιδή,7,-1,31
ὑπολείπω,7,-1,32
Τροίαθεν,7,-1,26
κλαυθμός,7,-1,47
τρύχω,7,-1,40
τέγος,7,13,41
σπεῖρον,7,-1,36
εὐδείελος,7,41,40
φώκη,7,-1,18
βυσσοδομεύω,7,-1,29
τρόπις,7,-1,12
ἀσπαστός,7,-1,51
πεῖσμα,7,-1,3
τοξάζομαι,7,-1,43
ἔμπλεος,7,-1,42
κλείω,7,-1,41
ἀπονοστέω,6,-1,23
Κάλχας,6,-1,9
Χρυσηίς,6,15,24
κλέπτω,6,-1,10
ʽἑκάεργος,6,-1,6
κυνώπης,6,-1,24
ἀλεγίζω,6,-1,24
οὐτιδανός,6,2,29
συμμαχέω,6,-1,36
ὑψιβρεμέτης,6,-1,1
ὑπολύω,6,15,28
χαλκοβατής,6,-1,43
γουνάζομαι,6,16,43
ὅρμος,6,-1,31
ἐπικραίνω,6,-1,29
μῆρα,6,40,22
περιφραδής,6,40,22
κερτόμιος,6,-1,5
παρεῖπον,6,-1,5
ἐπιγνάμπτω,6,-1,23
παράφημι,6,-1,5
ταράσσω,6,-1,12
βάσκω,6,-1,11
ὀρθόω,6,-1,52
ἄγχιστος,6,-1,29
ἐαρινός,6,-1,31
ἀριθμέω,6,-1,14
Εὖρος,6,-1,12
ἱδρύω,6,-1,52
ἔλεγχος,6,28,14
ἀπομόργνυμι,6,-1,37
ἐλεγχής,6,28,40
τρίζω,6,11,26
προβλής,6,-1,41
ῥωγαλέος,6,-1,37
διασεύομαι,6,-1,3
ἀνθεμόεις,6,-1,20
μυῖα,6,-1,3
ἄγγος,6,-1,32
ζώνη,6,-1,7
πηγή,6,-1,34
Ἀθηναῖος,6,-1,2
Πετεώς,6,-1,2
Καπανεύς,6,-1,2
Ἄδρηστος,6,-1,34
Εὔρυτος,6,-1,34
ἐκλανθάνω,6,-1,39
ἀγχιμαχητής,6,-1,15
Ἀμφίμαχος,6,-1,2
Δουλίχιον,6,-1,34
Κεφαλλήν,6,-1,40
Σάμος,6,41,40
Καλυδών,6,-1,34
εὔπηκτος,6,-1,41
Φυλάκη,6,-1,34
Δημήτηρ,6,-1,20
Πρωτεσίλαος,6,-1,34
αὐτοκασίγνητος,6,-1,2
ὀλοόφρων,6,-1,34
ἰατήρ,6,-1,49
Στύξ,6,-1,30
δίσκος,6,-1,42
ἐρέπτομαι,6,-1,49
Ἀξιός,6,-1,34
προκαλίζομαι,6,27,43
βίβημι,6,-1,3
ἄπιστος,6,-1,29
ἄριστον,6,-1,22
πολύδακρυς,6,-1,1
ἀργεννός,6,33,20
ὤψ,6,-1,9
δαήρ,6,-1,6
κραναός,6,41,40
ἵππουρις,6,43,7
θάμβος,6,-1,2
ἐπιδινέω,6,-1,12
φιλομμειδής,6,-1,6
ἀφραδής,6,40,38
ἀσπερχές,6,-1,38
ἐυμμελίης,6,-1,2
ἐπιπροίημι,6,-1,24
πῶμα,6,-1,28
μιαίνω,6,-1,19
παναίολος,6,-1,7
χαλκεύς,6,-1,7
ἀρωγός,6,-1,8
κίνυμαι,6,-1,25
ἠνορέη,6,-1,45
ἀνεμώλιος,6,34,8
μεταμώνιος,6,-1,5
ἐνιπή,6,-1,15
οἰμωγή,6,-1,19
περιβαίνω,6,-1,2
γνύξ,6,-1,19
γύαλον,6,-1,3
ξύλοχος,6,-1,20
κρῖ,6,-1,4
πάσσαλος,6,-1,7
φθόγγος,6,-1,47
ἀποφέρω,6,-1,18
ἀλκί,6,-1,17
μεθέπω,6,-1,4
μεθάλλομαι,6,-1,3
ἀγκάς,6,-1,10
αἴσυλος,6,34,8
ὀπίσσω,6,-1,4
λίνον,6,-1,52
κύρμα,6,-1,40
ἐλάτη,6,-1,41
ἀσθμαίνω,6,-1,19
μαιμάω,6,-1,3
βαρύνω,6,-1,3
πρέσβα,6,-1,10
ἄξων,6,-1,19
ἐπίσωτρον,6,-1,7
ῥυμός,6,-1,4
βριθύς,6,35,3
ἀγρέω,6,-1,48
μαχητής,6,-1,2
δάπτω,6,-1,23
ἀμενηνός,6,-1,27
ἀνδροκτασία,6,-1,1
Ναιάς,6,41,34
πολύκμητος,6,17,28
ἄκρις,6,-1,41
φέριστος,6,34,29
μνηστός,6,-1,10
ἀπολάμπω,6,43,7
ἕπω,6,40,22
ἐπιμένω,6,-1,29
τεκμαίρομαι,6,30,33
ἐρινεός,6,-1,31
προφεύγω,6,-1,23
ἠθεῖος,6,-1,43
ἑτεραλκής,6,-1,1
ὕστερον,6,-1,36
ἐυ,6,-1,22
αἰγυπιός,6,-1,12
κρεμάννυμι,6,-1,52
ἀκλεής,6,-1,33
ἀκόρητος,6,-1,38
ἐπίκλησις,6,-1,6
ὀπάων,6,-1,2
ὀρύσσω,6,40,41
ὑποκρίνομαι,6,-1,9
ἐπιλήθω,6,-1,29
ῥίον,6,-1,41
ἀναγκαῖος,6,-1,6
οὖρος2,6,-1,16
Νηληιάδης,6,-1,2
ἀγαπήνωρ,6,-1,2
βροντάω,6,-1,12
ἔσχατος,6,-1,45
κῆπος,6,-1,31
βλεμεαίνω,6,-1,45
δοκεύω,6,-1,17
σάρξ,6,-1,22
ἐξικνέομαι,6,-1,49
μέρμερος,6,-1,47
ἡμέρα,6,-1,46
εὔθρονος,6,23,35
Λέσβος,6,-1,34
ἀποκόπτω,6,-1,3
ἀπειλή,6,34,1
ἀπατάω,6,-1,9
ἐπαινός,6,7,27
εὕω,6,40,20
χατέω,6,-1,29
γουνός,6,16,34
λιτανεύω,6,39,37
ἀπαμύνω,6,-1,8
στόρνυμι,6,29,52
στένω,6,-1,3
ἀχαιός,6,-1,13
ἀνεγείρω,6,-1,16
πάννυχος,6,-1,32
ἑδριάω,6,-1,4
Παίων,6,-1,34
ἔτυμος,6,12,9
μετακιάθω,6,-1,5
φίλτερος,6,-1,8
ἔγκατα,6,-1,32
τέρσομαι,6,-1,33
ἀνέλκω,6,-1,42
ὑπαλύσκω,6,-1,23
ἱπποσύνη,6,-1,15
ῥόπαλον,6,-1,31
συναγείρω,6,-1,16
ἀγελαῖος,6,-1,20
πολύπυρος,6,-1,34
κρημνός,6,-1,21
Ἀντιφάτης,6,-1,10
ῥάπτω,6,-1,23
τῇδε,6,-1,23
βραχίων,6,-1,3
ἄχθος,6,-1,31
δαμνάω,6,-1,48
λαοσσόος,6,-1,1
ἀμέρδω,6,-1,47
ἔντερον,6,-1,3
ἐκπεράω,6,-1,19
ὀρχηστύς,6,-1,47
σιγάω,6,-1,9
ὄρχατος,6,-1,31
κονίω,6,-1,19
ἱμείρω,6,-1,16
κυμαίνω,6,1,25
καλλιπλόκαμος,6,15,6
τανυήκης,6,-1,3
ὑψίκομος,6,-1,31
ὀσμή,6,-1,31
κατείβω,6,-1,37
καταπρηνής,6,-1,19
ἠλίβατος,6,-1,31
στάθμη,6,40,41
ὕπαιθα,6,-1,12
ποντοπόρος,6,-1,35
Ἀλκιμέδων,6,-1,2
ὁδίτης,6,-1,18
Πατροκλῆς,6,-1,2
ἱκετεύω,6,-1,37
περικτίονες,6,-1,10
προλείπω,6,-1,26
οὔπως,6,-1,21
ἑλκέω,6,-1,26
ἀμφιβάλλω,6,-1,44
προεῖδον,6,-1,19
σέβας,6,-1,14
ἄλειφαρ,6,-1,32
ἀρτύω,6,-1,23
ἀγινέω,6,-1,20
σηκός,6,-1,32
εἰσείδω,6,-1,15
εὐστέφανος,6,-1,47
βαθυδίνης,6,-1,30
ὁποῖος,6,2,9
ἑνδέκατος,6,-1,46
τέτρατος,6,-1,46
ἐκπέμπω,6,-1,26
κατακρύπτω,6,-1,26
πλύνω,6,-1,44
ἄλαστος,6,-1,15
καταφθίω,6,11,26
παρελαύνω,6,-1,21
ἀναείρω,6,-1,5
ἀπόπροθι,6,-1,46
ἔσω,6,-1,24
φύρω,6,-1,37
ξένος2,6,-1,0
ἀνάρσιος,6,1,40
ἀγαπάζω,6,-1,33
πρᾶξις,6,-1,38
Τάφιοι,6,-1,51
ἔντοσθεν,6,13,41
πόθι,6,-1,46
πινυτός,6,-1,14
Σάμη,6,41,40
ποτιπτύσσω,6,-1,9
ἀνάπτω,6,-1,23
ἀναλύω,6,-1,28
σκιάω,6,41,35
ἐπήρετμος,6,12,51
ἐπιβουκόλος,6,-1,20
κάλλιμος,6,-1,28
εὐνάζω,6,-1,35
δολιχήρετμος,6,12,51
ἅλμη,6,-1,18
θεουδής,6,28,8
ἀνακαίω,6,21,22
ναυσικλυτός,6,12,51
ὄγχνη,6,32,31
κιρνάω,6,45,32
Οὖτις,6,2,9
εὐήρης,6,-1,18
διοιστεύω,6,17,42
πήρα,6,-1,32
δμῶος,6,-1,43
Παρνασός,6,-1,48
Ἀμφιμέδων,6,-1,2
Χρύσης,5,15,24
δηθύνω,5,-1,25
Τένεδος,5,-1,34
ὀρεύς,5,-1,20
ἐπιμέμφομαι,5,-1,24
θεοείκελος,5,-1,47
ἄρνυμαι,5,-1,25
ὄθομαι,5,-1,33
λάσιος,5,-1,2
ὀνειδίζω,5,-1,5
Πολύφημος,5,-1,2
παρέζομαι,5,-1,43
αἶσις,5,-1,47
πολυβενθής,5,23,18
δίπτυχος,5,33,22
ὠμοθετέω,5,33,22
ἐπιστέφω,5,45,32
μέλπω,5,-1,47
ἴκμενος,5,-1,6
ἕρμα,5,-1,40
ἀποστείχω,5,-1,13
συμφράζομαι,5,16,43
διείρομαι,5,30,33
ἦδος,5,-1,14
ἐνόρνυμι,5,29,29
ἱπποκορυστής,5,-1,2
πανσυδίῃ,5,-1,4
ἐνδύω,5,-1,52
λιγύφθογγος,5,-1,4
ἀπάτη,5,-1,13
ἄπρακτος,5,-1,15
οἰνοχόος,5,45,32
πα~ς,5,-1,53
λάβρος,5,-1,12
ἠμύω,5,-1,13
χωλός,5,-1,29
δύω,5,-1,52
ἰδνόομαι,5,-1,19
χήρα,5,-1,47
χειμέριος,5,40,12
ὀκτώ,5,-1,20
κατεσθίω,5,-1,27
τώς,5,-1,15
κοναβέω,5,44,19
ἄκρατος,5,-1,32
ἀμέγαρτος,5,-1,53
αἴγλη,5,-1,30
πετρήεις,5,41,34
Ὀρχομενός,5,-1,34
Ἴφιτος,5,41,34
Ἄβας,5,-1,2
περιτέλλομαι,5,-1,46
Μηκιστεύς,5,17,50
πόρος,5,-1,34
Φυλεύς,5,36,2
Ζάκυνθος,5,41,40
Μελέαγρος,5,-1,41
τρίχα,5,-1,30
Λυρνησσός,5,-1,13
Ἄδμητος,5,-1,34
ἕνδεκα,5,17,20
Εὐαίμων,5,-1,2
Πήλιον,5,17,34
Λεοντεύς,5,36,2
ἀπομηνίω,5,-1,1
αἰγανέη,5,-1,42
φθογγή,5,-1,30
Πολίτης,5,36,2
πολίτης,5,-1,34
φθισήνωρ,5,-1,4
Ἀρίσβη,5,41,34
Ὑρτακίδης,5,41,2
Πελασγός,5,37,2
γενέθλη,5,-1,10
Μυσός,5,-1,2
χειμών,5,-1,12
κεραός,5,-1,20
καγχαλάω,5,-1,11
κίθαρις,5,-1,47
ἐκδύω,5,-1,52
γάλοως,5,-1,6
δάμαρ,5,-1,34
δίπλαξ,5,-1,52
Πάνθοος,5,37,2
ἐπιπωλέομαι,5,-1,21
νιφάς,5,40,12
μεδέων,5,-1,29
πημαίνω,5,1,25
ἐπισφύρια,5,42,7
ὀψίγονος,5,-1,35
ἔριον,5,17,25
ἀνύω,5,-1,13
κλυτότοξος,5,15,24
ἐπιγράφω,5,-1,7
παρήιον,5,-1,37
σφυρόν,5,42,3
ἐρεμνός,5,-1,21
ἰωή,5,-1,12
εἴρω2,5,-1,32
σημάντωρ,5,-1,9
ἀμέλγω,5,-1,20
ἀζηχής,5,-1,32
στηρίζω,5,-1,26
ξυστόν,5,-1,3
κάμπτω,5,-1,23
ὀκριόεις,5,-1,3
ἀποσεύω,5,-1,37
Τυδεΐδης,5,-1,2
κτάομαι,5,-1,38
ξέω,5,-1,41
ἐπιβρίθω,5,-1,31
στρεπτός,5,-1,7
ἀγχιστῖνος,5,-1,19
μετοίχομαι,5,-1,5
Θόων,5,36,2
ὑπέχω,5,-1,13
κενεών,5,35,3
κοτύλη,5,-1,3
βουκολέω,5,40,20
Κύπρις,5,-1,29
ἀλύω,5,-1,28
ἄχθομαι,5,-1,33
ὀμόργνυμι,5,-1,37
ἀραιός,5,-1,41
πολύχαλκος,5,-1,34
Φηραί,5,41,34
Ὀρτίλοχος,5,41,34
εὔπωλος,5,10,24
Νοήμων,5,-1,2
ζυγός,5,18,4
θυσανόεις,5,-1,30
στεφανόω,5,-1,30
πρυλέες,5,-1,2
ἀγητός,5,28,14
ἔκγονος,5,-1,35
τυκτός,5,-1,42
ἐπιάχω,5,-1,15
δυσαής,5,-1,12
ἐπιεικτός,5,-1,29
ἰάομαι,5,-1,38
τόθι,5,-1,46
Δαναός,5,-1,1
ἦνις,5,-1,20
Διόνυσος,5,-1,51
Προῖτος,5,2,9
πίναξ,5,-1,32
θυμοφθόρος,5,-1,32
ἀτερπής,5,-1,27
ἀνανεύω,5,39,37
θέρω,5,-1,22
ὑπότροπος,5,-1,46
Ἀνδρομάχη,5,-1,6
ἀγαπητός,5,-1,33
ἠλακάτη,5,13,25
ἐυρρεής,5,-1,30
στεφάνη,5,-1,3
τελευτή,5,-1,43
μόθος,5,-1,17
τόκος,5,-1,10
πολύχρυσος,5,-1,34
θυμοβόρος,5,-1,15
νέρθε,5,-1,52
ὑπέρχομαι,5,3,39
ἑπταβόειος,5,-1,3
ῥηξήνωρ,5,10,50
ἀφαυρός,5,-1,21
ἐύτμητος,5,-1,7
εἶλαρ,5,-1,41
οἴκοθεν,5,0,46
βαθύρροος,5,-1,30
βρότος,5,38,44
σειρά,5,13,41
ἔθειρα,5,-1,7
γέντο,5,43,7
ἱμάσθλη,5,43,4
θεῖον,5,-1,32
φύγαδε,5,-1,17
μεγακήτης,5,-1,18
ὀρθόκραιρος,5,-1,20
ὄνυξ,5,-1,12
παλίντονος,5,17,42
θᾶκος,5,-1,34
λίς2,5,-1,52
στεῖνος,5,-1,21
κύντερος,5,-1,43
ὑπηοῖος,5,-1,4
ἄστρον,5,-1,30
μελάνυδρος,5,32,31
ὁμῆλιξ,5,-1,48
ὁπλότατος,5,-1,10
Λυκομήδης,5,36,2
ἀθλοφόρος,5,18,4
ἐπιδίδωμι,5,0,29
θύω,5,-1,32
ἄυπνος,5,-1,20
μόγις,5,-1,23
ἐρέσσω,5,-1,18
ἀποπλέω,5,-1,35
ἀνεψιός,5,-1,10
Κουρῆτες,5,-1,41
καλλίσφυρος,5,-1,6
γλυκερός,5,-1,47
Τρωικός,5,-1,4
ἀθρέω,5,-1,18
αὐλός,5,-1,19
ἐπίσκοπος,5,-1,8
κερδαλέος,5,-1,8
ἀδέω,5,-1,52
κρατερόφρων,5,-1,29
δόσις,5,14,38
εἰλαπίνη,5,-1,45
ἐριαύχην,5,-1,4
ἐμμενής,5,-1,40
μέλεος,5,-1,7
Θράκιος,5,-1,11
Κύπρος,5,-1,34
ἀορτήρ,5,42,7
ἔρσα,5,-1,12
τοτέ,5,-1,25
ὑπάγω,5,18,4
ἀμολγός,5,-1,25
δύη,5,-1,35
Εἰλείθυια,5,-1,10
μηκάς,5,-1,20
διαλέγω,5,30,9
ἀγοστός,5,-1,19
Σῶκος,5,-1,2
πλευρά,5,-1,3
κτερίζω,5,11,26
ἰατρός,5,-1,49
ἐπιμίξ,5,-1,30
μέσαυλος,5,-1,20
τρωπάω,5,-1,22
πυθμήν,5,-1,41
ἀναίτιος,5,-1,38
συνελαύνω,5,-1,21
ἤλιθα,5,33,20
φαέθω,5,-1,30
οἰκτείρω,5,-1,5
τιτρώσκω,5,-1,21
Ἀσιάδης,5,-1,2
φράσσω,5,-1,3
θωρηκτής,5,13,41
ἱππόκομος,5,-1,7
Λύκιος,5,22,2
νέα,5,-1,34
πτύσσω,5,-1,7
καυλός,5,-1,3
ἐμπίμπρημι,5,-1,22
ἔχθω,5,-1,29
λαιμός,5,-1,3
βρυχάομαι,5,-1,30
Δευκαλίων,5,22,34
οἰοπόλος,5,-1,31
βομβέω,5,44,19
θυμοραιστής,5,-1,19
λάσκω,5,-1,3
ὑβριστής,5,28,8
ὀρχηθμός,5,-1,47
νοῦσος,5,-1,6
χθαμαλός,5,-1,31
νιφόεις,5,-1,12
πορφύρω,5,-1,12
στείνω,5,-1,26
ὁρμίζω,5,23,35
ἄσμενος,5,-1,23
ἀνοίγνυμι,5,-1,52
ἐλάτινος,5,13,41
μετέπειτα,5,-1,32
Ἀλκμήνη,5,-1,10
πόα,5,-1,31
ἦνοψ,5,-1,32
ἀλκτήρ,5,-1,46
ἐνίσσω,5,-1,5
ἀοσσητήρ,5,-1,33
ἀρά,5,-1,12
δαήμων,5,-1,47
κτεατίζω,5,-1,13
εὐποίητος,5,-1,7
Διιπετής,5,-1,30
ὄπις,5,-1,38
ἄνδιχα,5,-1,13
Δαμαστορίδης,5,-1,2
ῥυτήρ,5,-1,42
ἀγακλεής,5,-1,2
ἔρνος,5,-1,31
ἐνηής,5,-1,15
Ἄρητος,5,-1,2
λαρός,5,-1,44
ἀπέρχομαι,5,3,39
ἀτραπός,5,-1,41
ἄγκος,5,-1,20
ἐννέωρος,5,-1,20
φῦσα,5,-1,22
θαμίζω,5,23,14
εἰναετής,5,-1,41
σπόγγος,5,45,32
σταφυλή,5,32,31
πλεκτός,5,-1,41
τελεσφόρος,5,-1,46
ἐριούνιος,5,-1,11
παγχάλκεος,5,-1,7
ἐναργής,5,-1,25
ἀνερείπομαι,5,-1,33
γεύω,5,-1,37
Πολύδωρος,5,-1,2
τίλλω,5,-1,19
ἐλεγχείη,5,-1,40
θέρος,5,-1,31
ἱερεῖον,5,-1,33
προτιόσσομαι,5,-1,33
δορπέω,5,-1,47
μελέδημα,5,-1,16
ὁπόσος,5,-1,32
νύσσα,5,-1,14
ταλαεργός,5,18,4
εὔσκοπος,5,-1,6
κτέρεα,5,11,26
σίνομαι,5,30,33
ἔξειμι2,5,26,39
τηλίκος,5,-1,26
δάος,5,-1,52
Ὠγυγία,5,-1,6
Ἰθάκηνδε,5,-1,29
ὁμαδέω,5,34,52
ἀλεγύνω,5,26,45
ἀμφίαλος,5,41,40
κάμμορος,5,-1,53
ἀπόμνυμι,5,-1,48
πηδάλιον,5,-1,25
πομπεύς,5,-1,26
κεράω,5,-1,32
ἐρωτάω,5,-1,9
ἁγνός,5,23,6
ἀμφιάζω,5,-1,44
εἰσάντα,5,-1,14
γαλήνη,5,-1,35
σκέπας,5,-1,30
καταδαρθάνω,5,-1,31
Ναυσίθοος,5,-1,34
ἠλάκατα,5,13,31
ῥυπάω,5,-1,44
παίζω,5,-1,52
εὐφροσύνη,5,-1,29
ταλαπείριος,5,-1,45
πάσσων,5,-1,7
Ποντόνοος,5,45,32
ἀνία,5,-1,15
Λωτοφάγοι,5,-1,49
κέλλω,5,-1,35
ἐκπίνω,5,-1,28
Αἴολος,5,-1,34
βρώμη,5,14,32
συφεός,5,-1,52
δρηστήρ,5,-1,20
ἀλητεύω,5,-1,37
πτωχεύω,5,-1,37
Μελανθεύς,5,-1,20
ἀμφιπολεύω,5,-1,44
Φιλοίτιος,5,-1,8
Κτήσιππος,5,-1,2
